924;144;G124LF179;1970-02-09;741.52
533;514;S731VW022;2010-09-09;927.25
982;206;V694JG727;1994-07-26;320.85
286;770;B987IY930;1992-01-09;1161.55
832;805;L569CQ876;2013-11-04;1290.81
972;420;P979ZB952;2006-10-24;3297.95
723;859;L320KZ357;2021-10-23;2656.41
48;248;A613SR269;1983-02-24;2795.48
896;107;E041ZO489;2022-06-11;4627.18
155;295;E665TC004;1971-10-19;4032.36
427;220;X056TA133;2012-02-07;2904.56
822;119;K180GU604;1990-07-28;3645.76
391;492;X213XY435;1983-08-14;4967.71
51;548;V898QO105;1970-06-07;952.76
207;739;G614RA894;1979-06-10;3779.17
629;618;O805TK219;1989-07-20;2843.67
486;292;G170KR480;2004-12-29;4831.05
120;492;U942KV120;1983-12-07;1972.94
639;440;N202YO515;2013-03-12;4832.33
545;732;E906ZA755;1981-05-26;754.16
704;265;M983FP564;2002-03-31;3200.42
425;566;C551AC266;2012-12-31;61.39
890;4;F882UB860;2018-08-26;805.07
656;824;R942DF886;1999-05-18;1277.8
525;632;O169ZE632;1996-08-04;4556.49
664;87;J771DT229;1977-03-29;1046.14
780;511;A764GQ131;2008-09-26;3549.48
936;164;Q706FS416;1986-08-27;124.78
936;232;U351SN907;2004-03-07;2158.47
345;296;G569HJ293;1988-04-26;4096.83
731;258;X894XZ138;1981-12-15;4354.94
844;614;U700XD049;1981-02-24;4925.81
307;956;X162YX271;1975-01-11;4218.95
203;319;K379QF888;2013-01-27;1903.66
878;666;E304WE733;2006-06-07;3940.37
307;898;A952HX569;1980-07-15;1112.55
748;433;A728UB485;1985-12-17;1393.94
383;907;F686DR713;1982-06-27;4634.72
648;376;E121AM774;1971-08-27;1857.81
664;907;E536EW612;1990-04-29;3831.87
694;509;P879RW137;2022-05-24;2865.04
94;520;J396XF429;2023-04-26;4888.04
537;462;L185WW410;2011-05-06;4653.15
192;702;A758TH171;1984-05-27;3291.68
900;686;X806CZ413;1999-11-09;3438.02
157;866;A764GQ131;1985-04-25;2581.4
258;282;U351SN907;1994-06-28;3893.22
329;179;R313EM350;2020-10-26;2156.28
715;13;Y583SR761;1994-06-07;3630.55
98;528;W695TL010;1972-05-18;953.72
986;915;O935VM543;2014-02-16;756.49
463;208;U705TT919;1996-07-11;3552.73
796;665;B424LL979;1993-03-16;4240.44
171;327;M842IX553;2012-03-16;165.29
329;588;Z068UK133;1987-05-06;1069.21
357;270;Y174ZQ912;2021-06-16;3183.46
785;266;U705TT919;1985-06-27;3983.7
414;434;A745NW673;1972-03-12;4215.38
380;842;M527EK017;1982-12-27;2260.23
910;230;J948TB532;1995-03-05;233.81
518;186;G229UK713;1985-01-02;4201.34
773;501;E462IQ137;2000-06-14;3050.48
750;849;R261QP169;2006-05-18;812.19
585;410;Y152LU973;2019-02-22;1555.15
904;302;G614RA894;1996-04-16;464.22
457;7;C289DI017;1972-06-29;4469.29
785;141;T741BE432;2016-11-03;1891.48
743;776;U270ZI315;1989-03-11;4977.82
979;744;P300EY842;2013-11-10;929.09
310;246;U027YN943;1970-03-23;4727.08
356;253;G361SN755;1993-08-07;4995.05
188;690;G719BK516;2012-10-05;1245.02
669;708;K520MA379;1981-05-25;1655.23
691;834;B439KO362;2008-04-08;201.49
754;516;Q731MB314;1995-04-24;258.26
976;535;W204NZ626;2020-12-13;77.25
857;452;S707BQ699;2007-05-03;983.63
230;616;B792EN163;1976-09-24;1789.41
719;481;H107MY770;1981-02-16;2031.44
826;999;S445CY320;2005-04-12;3160.37
556;72;P300EY842;2018-07-22;4210.65
690;110;F623TJ934;1985-05-13;4974.69
631;392;U468HZ746;1978-07-12;2033.04
362;998;Y888VC527;2023-10-12;3288.01
557;102;U917XG985;1984-09-01;4271.54
517;200;V608QW561;1971-08-01;4588.03
769;346;V653MK660;2005-07-31;1409.32
263;677;D881BY988;1987-05-25;177.37
85;811;D703KS620;2014-12-12;1334.03
572;119;Y605ZL402;1993-10-24;4978.13
888;252;M225BH871;1986-05-22;1094.03
794;467;G849BD659;2016-01-05;615.53
133;143;I569SW550;2001-10-09;4438.8
260;616;W204NZ626;2021-10-09;4568.81
844;647;O913RY361;2020-08-02;774.95
691;278;G036WT068;1988-11-07;3596.26
384;41;U942KV120;2007-09-25;2423.18
111;248;A111SR748;1985-12-23;4870.17
138;201;N474LY482;1976-10-07;3614.74
903;264;O138RY638;1982-10-11;906.93
121;371;K026LZ457;1995-03-23;3540.88
514;467;Q598FT850;1977-11-03;4631.21
282;403;Y738AO090;1972-02-25;2683.5
937;716;U614JM325;1978-06-11;3633.63
125;832;T005MC930;1981-09-23;1392.6
109;649;T880QM683;1982-10-16;1091.25
227;278;K929PF480;2015-12-21;2248.89
744;195;Q255VK625;1973-04-17;3437.09
39;251;B821XW926;2013-01-18;2948.52
869;326;S241UP942;1988-06-11;2425.36
351;335;D703KS620;2022-02-18;4533.71
337;552;R587DH341;1988-06-05;3026.91
7;800;X379HQ212;2017-12-07;2448.79
423;947;Z610MU942;1990-02-24;1208.42
275;666;S748PL568;1984-04-03;3106.52
525;609;U516BL645;2007-03-08;738.04
382;447;F073MN676;1980-08-21;3980.99
909;930;N980QB572;1979-07-19;1382.83
787;385;G862SX970;2020-05-14;2140.98
320;582;N177YL786;1993-07-27;3782.43
97;571;C777ML151;2000-02-27;783.68
357;825;E140UZ018;2003-07-17;3110.58
376;536;G598DY156;2012-06-08;3519.08
13;625;O805TK219;2002-10-02;904.54
894;342;K391YV831;1981-03-12;2992.43
824;386;R397UP916;2015-10-07;4560.34
325;491;D486PO236;1996-05-17;1418.31
978;826;P201TY918;1992-05-21;346.49
133;12;I784IH810;1989-11-06;57.9
986;26;H514FE622;2003-09-02;4997.25
291;2;P826LV225;2010-11-17;531.15
886;627;E254XA616;1973-01-16;3158.79
840;594;Y605ZL402;2023-11-06;2228.15
208;721;C985UP319;2001-02-26;333.59
702;67;Y605AT292;2005-08-18;805.84
419;242;L060SC070;2019-05-19;2547.76
153;430;Q524PF949;2017-02-16;1420.19
657;300;T873IF834;1992-07-10;843.35
207;245;H982HP984;1998-12-06;4032.59
798;635;T163MX573;2023-05-12;332.78
981;28;K715LW140;1979-03-15;516.31
371;338;Q865EF368;2001-02-26;1551.11
504;726;L902FO322;2023-02-13;4841.24
534;658;G637AI102;1974-05-29;754.88
473;490;Z431AZ616;1999-07-08;1874.19
331;573;E611XT436;1996-06-15;1504.34
590;163;S919BF509;1981-04-02;3754.87
959;412;R365ES595;1978-03-14;4624.0
785;219;W444GI692;2001-06-15;2024.86
649;629;P123ER759;1970-10-26;205.1
498;334;L770IJ194;1982-01-01;1585.79
765;157;Q598FT850;1991-11-20;3318.77
765;137;W481RK440;2016-05-06;2063.28
621;296;N202YO515;1984-05-06;680.43
990;883;V203MV870;1998-09-26;3225.52
534;641;Q396MG910;1997-03-12;554.33
595;481;L138OG121;1975-12-31;3345.28
17;620;M843SO486;2009-04-15;1904.92
230;189;O508LZ992;1973-08-30;439.42
355;594;B553RG510;1986-12-16;3186.22
687;567;A122XH646;2000-12-11;413.02
138;390;B301MI604;2000-11-27;3285.13
263;65;R669GS898;1992-04-13;839.36
975;897;X967UK317;1995-05-22;4885.0
166;21;X836WG102;2011-05-08;2154.22
677;18;G027QH485;2010-12-14;441.04
602;711;Z313QM819;1990-11-20;1341.79
897;490;Y834FL141;1970-11-12;2042.89
257;928;O336HV106;1973-08-15;3712.66
629;418;L750KY548;2001-01-31;1835.72
441;192;S581LY977;1973-01-10;3941.98
3;634;U856EP298;2010-08-06;2562.36
696;705;B165UA108;1971-06-20;4748.74
709;98;X394QE397;1981-08-22;1741.12
944;361;V203MV870;1984-12-30;3549.67
755;272;M880LC836;1975-02-28;4295.95
467;319;J385EP730;2017-09-20;3533.5
233;710;D050IC955;2010-09-01;1930.35
498;198;D374KK400;2014-03-06;1584.73
414;799;T406EV042;1999-09-06;1420.91
138;336;B407NI306;1975-06-30;739.75
101;884;R807OP138;1993-02-23;4801.48
15;565;V218WI872;1995-09-01;2319.3
557;238;R496VS055;2020-06-15;1622.71
923;101;C195CV447;2000-08-06;1596.19
463;143;R413KD942;1978-03-15;2094.33
638;919;G361SN755;1974-04-04;1475.1
7;391;G410WV499;2003-12-18;3626.47
953;388;L816GV917;1994-03-22;289.0
310;99;R976MW749;1974-09-05;2468.41
251;786;P237EV580;2006-10-18;1918.89
855;653;A147BB763;1998-07-01;2092.49
147;696;O280NA514;2005-11-13;3972.63
463;129;Y003RB779;2000-07-11;4151.01
473;353;Q008BF733;2004-11-27;2708.63
100;342;K096BO593;2020-07-04;454.71
926;211;Z428AC846;1991-01-23;2777.31
519;950;P307UA105;2007-01-27;4254.38
362;475;B042DJ700;2022-09-02;1309.34
958;256;O805TK219;2012-06-12;4570.33
848;787;P639WW095;2007-04-11;4875.6
747;410;P061XS807;1976-06-26;3760.56
887;826;P284RQ903;1983-06-29;1105.67
8;499;W710PK194;2012-05-09;4747.5
842;417;I424QF602;2007-09-11;662.93
451;250;U816MO043;1992-08-26;4834.92
957;821;T251XE752;1979-04-20;2529.93
675;539;D336KG039;2003-10-29;1731.49
437;906;Z586XX002;2014-02-17;4632.14
807;141;U733ZR006;1995-05-06;3220.35
829;510;P879RW137;2015-09-25;4010.9
27;586;X216OJ460;1998-05-04;4393.21
588;329;N376QS866;2014-05-14;4890.04
122;351;J655SQ655;2019-03-12;3271.66
941;801;R587DH341;1995-11-01;2945.0
679;833;L144ZX724;1982-05-23;116.16
242;575;Q971ZR658;1994-01-08;3165.76
46;695;W710PK194;2020-09-28;834.33
968;471;X288AV909;2009-07-31;3795.6
899;549;N780IV504;1975-01-04;4138.46
914;355;X781DG341;2012-07-19;147.76
92;541;O265NN543;1978-12-24;1375.99
637;698;O461CP221;1994-09-19;771.65
420;132;E403KI201;1973-07-28;4124.39
453;937;D086QO822;2017-08-31;1257.12
275;815;S526BO968;1985-04-17;2826.28
106;538;Y583SR761;1973-09-08;1031.64
900;835;P480KI381;2017-12-05;2942.71
86;479;O774SV689;1970-07-21;4729.04
101;236;X213XY435;1987-06-29;1055.21
274;87;A002FF340;1971-11-04;4401.73
360;702;J771DT229;2012-01-25;4739.5
91;723;M144MJ914;1994-12-30;269.89
252;101;E254XA616;1983-09-03;2920.62
22;871;C309PK832;1981-05-09;292.25
445;371;W944LV528;1977-02-03;3952.94
333;496;L037WO717;2008-02-26;1722.41
24;129;F285ND537;1992-08-03;1499.71
345;575;A764GQ131;1995-05-15;1433.0
977;823;Z530CX288;1977-09-12;2337.67
802;362;E839NN528;1997-02-06;2250.34
392;211;S946VF355;1999-01-21;4135.29
924;984;F039AK467;1971-03-05;3415.29
729;189;R397UP916;1987-09-28;2224.01
909;306;K115NC771;1994-04-17;4587.97
836;833;T928US165;1971-04-10;3889.33
995;870;Y080BG399;2021-05-22;4834.12
454;278;T569NJ184;1982-04-25;4781.16
788;234;O756BU207;2002-10-06;2581.7
689;680;W951FR052;2005-06-15;4822.52
660;333;N142MY066;1987-09-13;2100.41
41;348;E140UZ018;1976-09-27;2349.93
926;586;M109BP108;2010-01-02;4967.2
505;506;Y701RS404;1999-04-25;4525.46
907;458;N870OF341;2003-07-02;2674.34
743;177;K632FB761;1997-07-07;1556.58
739;933;G718EV805;2002-07-29;4072.32
54;332;Z086NZ976;1991-07-17;2506.65
194;228;D531JV326;1995-01-16;560.7
295;490;F491CR540;1983-11-25;4930.08
844;875;B165UA108;1998-01-16;3647.78
299;674;F882UB860;1981-02-07;1107.22
978;300;U091YD416;2008-08-09;3669.58
654;108;R932LH197;2018-06-25;1654.76
548;237;R819KZ968;2003-09-27;1463.95
63;86;J521BD304;2019-07-27;3673.52
494;630;R615UW720;2005-08-30;1038.93
224;599;C985UP319;1974-04-26;4643.1
93;119;B191GG733;1993-02-08;2310.34
271;547;E462IQ137;1970-07-11;1052.99
547;653;O394GT184;1971-05-02;4776.54
922;156;O508LZ992;2011-01-02;3768.58
581;97;C291JC056;2015-12-17;4725.06
136;327;V869IZ509;1983-12-20;1419.94
594;829;I598JX763;2000-02-13;3470.1
985;264;E058GC335;2015-05-01;3096.35
586;284;K528JW599;2010-05-26;2547.03
483;845;P166NT389;1986-01-10;4572.22
792;91;D784BG939;1978-03-13;4156.56
245;213;B391YN457;1974-08-16;1676.46
668;625;V000FC925;1983-10-24;79.22
879;623;K908EO083;1995-10-01;1269.26
955;623;O648HO359;1997-04-22;2251.37
395;461;Z357WZ215;2007-02-11;364.86
211;618;N628VT169;1976-03-30;4919.01
389;643;M014ZK965;1977-10-28;2070.27
997;405;D517WJ918;1998-10-09;2569.82
586;135;X905RS820;2001-06-12;2873.58
630;31;U532MO932;1987-10-27;3598.5
649;939;E404XT280;1978-10-12;574.07
459;438;W512DX564;1993-02-05;4074.76
679;983;C904BL964;1994-05-16;3614.01
502;401;Y608ZC977;1970-07-18;2070.24
587;849;Q873WQ435;1984-01-29;4451.57
542;525;U468HZ746;1987-03-04;4017.93
38;587;S799MX706;2002-02-01;2156.73
225;51;A083RN522;2005-09-21;4348.06
67;443;Z874SH409;2000-06-11;4527.82
373;761;D338GC914;2018-11-20;86.23
386;386;D081VA284;1974-07-26;3503.41
593;764;A745NW673;1978-07-28;3904.76
93;888;G711YD106;2013-02-19;1264.47
389;415;K807JF837;1994-05-14;4574.85
26;899;D408ZV852;1993-06-23;1112.99
742;475;X956RD603;2015-02-22;4826.99
590;543;T251XE752;2022-06-10;3758.22
219;791;L134XG178;2008-04-27;3499.64
637;682;F039AK467;1990-01-06;4126.15
158;285;S860BX643;2016-05-28;448.84
172;924;Z668UF159;2004-03-12;1848.33
84;445;X152DY900;2023-09-12;2747.22
498;715;F623TJ934;1998-09-30;2257.11
842;835;S927UD565;1986-10-05;3332.82
404;401;Z104CU757;1983-03-21;2639.89
964;919;W810WR664;2014-02-03;3293.38
486;528;B792EN163;1982-04-08;482.27
291;620;A132TD543;1973-03-13;3589.1
927;445;I306JJ624;2010-02-04;3126.03
463;409;I220UE352;2022-07-17;2028.14
125;251;Z718SD898;2018-04-09;1981.91
553;607;W839CM892;1987-09-19;2404.88
247;560;Z229XS052;1999-03-17;88.42
694;56;F436SV532;1990-09-28;3252.67
992;251;U874PO565;2019-05-28;4941.46
855;112;G489ZB714;1988-11-19;2809.69
881;647;X645XJ702;2018-12-17;946.14
101;734;G300KR955;2019-08-12;1853.71
812;911;F173PZ338;2019-08-09;1496.04
750;25;K891PZ347;2000-04-19;158.73
35;887;Q706FS416;2015-01-04;2958.64
811;93;B792EN163;1971-05-09;4331.2
163;60;W025EZ845;2019-07-15;868.09
906;573;F152PC788;1978-11-05;4968.15
450;405;A729ZQ039;2023-09-10;3394.15
962;348;X307JC798;2019-02-07;4171.59
671;550;I395FN696;2008-10-06;4383.62
783;572;W225KX138;1989-10-17;2457.68
599;619;P433JH519;2011-06-19;70.5
832;621;I980SA240;2007-09-15;4091.44
242;314;N896AD137;2003-09-15;2546.98
35;261;E404XT280;1995-02-14;1885.64
940;430;Z251QI927;1992-10-27;611.25
172;114;I976OS344;1988-05-18;3799.13
124;848;W225KX138;1971-04-30;4316.95
852;117;X394QE397;1979-06-01;4213.55
541;332;O756BU207;1974-05-26;182.41
971;544;M708TW294;2011-05-03;2371.93
803;381;L902FO322;2008-03-31;2891.91
159;134;J307KR268;2001-02-28;1861.81
799;825;F436SV532;1977-12-05;481.78
757;640;W926XF361;2017-04-22;604.63
971;857;X894XZ138;2018-07-28;2616.49
611;569;W481RK440;2022-09-16;3929.46
83;336;Q962ZE201;2020-05-26;856.88
644;179;T407BQ765;1975-10-13;1179.97
668;657;I763YY799;2022-06-08;2116.78
71;637;V977BD829;2017-04-23;642.02
526;870;P592PR308;1970-11-23;2518.9
465;856;L145PZ227;1985-03-19;4004.49
919;129;I277JP452;2006-02-11;2950.12
958;304;D338GC914;1980-05-08;4868.39
707;94;W204NZ626;2014-05-24;4017.68
196;828;F073MN676;1994-09-03;2175.83
709;989;T928US165;1983-03-01;2148.89
144;389;E536EW612;2020-03-17;1297.46
652;933;A758TH171;1995-12-16;4870.53
269;889;T287EF159;2005-03-02;2582.81
402;466;B745CN008;2018-06-16;3566.44
461;103;Z362XD817;2017-09-26;3507.92
920;880;A278VG012;2004-05-09;2572.11
236;674;U055GK571;2001-06-18;359.94
529;23;T954WP919;1997-10-07;3607.41
904;312;E320PL013;2001-10-20;1952.75
467;885;T089YS203;1976-07-30;2860.32
519;364;L144ZX724;1988-12-09;1339.45
757;370;X032EE662;1984-07-24;3594.74
616;866;A147BB763;2010-12-31;2452.63
946;48;C440YD587;2023-01-07;3519.12
270;137;X081RN275;1972-09-08;2003.77
637;536;M527EK017;1971-01-28;2672.92
909;535;B009ZE160;1996-01-11;4177.75
333;699;J004UA087;2020-02-01;301.8
632;553;B460VH008;1996-02-27;2270.23
386;964;F548KY278;1980-04-20;2628.87
701;58;V842GT752;1999-05-18;452.19
31;76;L144ZX724;1992-08-10;3819.71
363;248;V608QW561;2016-03-28;2943.44
353;357;U717NX717;2017-05-10;4838.4
592;441;L663ZI233;1983-12-26;4597.35
839;614;Q645FV740;2020-04-12;1101.14
870;276;F173PZ338;1973-03-30;2471.6
663;259;A560JH385;1973-05-30;4390.66
568;469;K715LW140;1989-03-25;2915.87
960;158;Q367PL704;2005-06-02;2709.39
514;111;N896AD137;1972-07-23;4684.0
558;562;Q598FT850;1984-11-06;952.58
134;868;E974FL065;2014-07-22;1069.06
386;127;B137XH939;2006-08-02;1976.22
484;182;L140MI736;2008-05-17;3456.28
464;659;J743LC214;2006-07-31;4802.94
687;423;R397UP916;1986-08-06;3593.3
458;397;V898QO105;1996-07-02;1726.11
620;58;C023GQ879;2020-02-02;2680.66
634;288;I395FN696;1983-02-17;3823.72
492;452;L140MI736;2010-06-01;276.27
757;200;V426ZZ831;1970-08-14;2465.27
377;921;L224UO177;2000-12-31;3584.18
232;119;R397UP916;1980-07-02;3669.54
706;247;E320PL013;2001-05-04;1798.07
826;973;I926YS582;2017-03-25;498.38
406;744;X730EN594;2013-01-08;1338.92
918;77;U468HZ746;1980-06-07;4037.94
420;604;Z086NZ976;1974-06-11;3266.79
584;932;P815JC335;2007-05-09;1938.1
205;696;R313EM350;1985-04-27;594.62
355;627;Z396NW915;1988-03-12;1396.82
151;586;N901RC763;2014-12-09;3807.25
615;562;Q962ZE201;2011-10-24;107.27
291;414;S181UN164;1986-11-28;4960.72
450;951;U807UJ080;1985-06-15;3923.66
926;710;Q289AZ741;2016-01-19;676.43
506;594;O648HO359;1994-10-24;4095.56
838;129;O871WO867;1982-12-29;2224.97
529;508;M715JX167;1994-06-23;4618.66
310;368;Y080BG399;1992-10-18;4524.24
614;434;Q744FI732;1994-11-18;161.04
720;43;M149SY564;2013-07-27;2012.94
433;986;Y888VC527;2013-05-16;4059.42
990;920;S761ZL644;2001-05-19;4629.4
473;193;Q027UR541;2021-10-29;1815.1
110;159;Z978WU954;1974-01-31;1561.06
211;829;G614RA894;1997-06-21;4622.16
71;806;Y155XG291;2014-04-20;313.66
525;664;C551AC266;2002-02-04;3008.65
360;288;B427LX429;1986-02-11;1443.59
917;489;A729ZQ039;2017-02-19;4747.73
19;74;C309PK832;2022-02-14;2573.58
718;884;D115IA823;2006-02-17;260.02
809;462;G645IK840;1996-04-02;53.02
519;556;B553RG510;2008-10-07;1149.7
140;676;W136RE048;1971-11-19;576.41
955;372;W710PK194;2002-10-04;4472.57
131;299;K828JY266;1976-02-14;130.69
869;451;Z140JY033;1980-11-05;1904.9
207;651;P854EG950;2007-07-05;1210.04
194;225;N480XO651;2000-12-26;2326.82
110;473;E906ZA755;1979-02-11;4256.31
208;35;T609ZU649;1988-12-29;4370.22
77;937;B821XW926;1971-12-03;1362.07
774;293;C309PK832;2010-06-04;1007.24
352;496;U691AT502;2015-08-01;2026.26
246;413;E624KY592;2022-01-02;601.83
512;697;L663ZI233;1992-10-08;2484.69
496;489;V694JG727;1973-06-14;375.85
638;692;T650AY874;1988-12-07;816.74
627;643;K908EO083;1999-07-30;1392.52
710;237;W025EZ845;2010-08-25;3852.59
332;979;M475FB956;1992-12-16;1781.08
241;345;Z071LN485;2011-05-30;1447.12
927;796;P477ZM192;1983-10-01;2385.85
492;415;M256LZ362;1985-11-05;3566.43
225;349;E880YR144;1977-06-14;2927.03
542;326;U270ZI315;2006-12-25;3813.29
905;884;S570CI192;2008-07-31;234.65
538;559;Z806UG867;1973-01-03;2104.49
961;383;N018WO053;1995-11-25;4934.72
561;126;N780IV504;1985-08-17;530.31
554;607;E611XT436;1990-04-10;2938.84
247;288;R615UW720;2021-08-30;4862.2
603;924;K711JM732;1994-03-06;2982.87
236;326;P826LV225;2011-04-16;2872.4
843;664;G181RP652;2014-04-19;297.38
60;269;I005EF165;2022-08-18;3966.74
263;797;V368LC471;2010-09-03;471.38
786;633;O536EU597;2016-07-12;3932.03
863;262;S379GX931;1977-01-31;1771.87
783;784;O265NN543;1984-03-21;154.04
971;226;Z551AY620;1988-06-29;583.51
6;988;R938TG013;1975-10-15;440.12
320;310;M527EK017;2018-03-09;4295.48
509;320;M682WB833;1988-02-27;4836.57
186;289;Z900RZ785;1983-03-06;719.57
476;139;P391ZP273;2021-05-04;2486.72
569;830;G531RG329;1976-09-22;4614.96
877;28;L750KY548;1973-08-09;912.21
698;128;W377IP415;2017-01-26;4091.72
734;638;T163MX573;1973-09-20;2499.93
240;521;D486PO236;2017-04-12;3205.5
39;282;P789AD694;2019-07-27;304.42
937;97;H206GX003;2010-10-11;3616.2
886;934;N480XO651;2023-11-12;3015.9
11;929;F676TO610;1992-12-19;3209.57
73;735;G810CH080;2005-04-10;3342.88
39;617;X032EE662;1972-09-19;2057.14
706;937;D703KS620;1983-03-01;1069.36
196;657;W814JS442;2013-10-02;2396.42
774;564;X889RX375;2006-09-15;4979.84
596;424;S667QI229;2006-08-15;2784.78
240;289;S675JK648;2022-01-25;2097.75
92;504;Z668UF159;1985-08-27;4028.18
47;422;U096EB550;2011-10-18;2782.58
804;3;T483SE513;2023-01-05;4408.24
73;302;C855GK981;1997-01-01;2455.04
314;725;W932DX901;1970-08-10;4772.71
427;794;S879GA651;2011-12-23;1493.11
541;225;Y270HS055;1992-06-08;4922.24
843;435;O054ST669;1970-11-20;1452.26
135;569;A443NA309;1979-06-26;4705.83
662;760;N780IV504;1973-07-11;691.11
121;712;D035HF121;2023-10-10;3702.86
915;881;E041ZO489;1972-10-10;3608.51
22;608;S492RA838;2023-09-22;1520.27
290;293;K533TJ309;2004-12-20;3858.85
12;743;L817PH607;2015-02-02;1129.51
354;611;K084RY873;1991-03-29;2214.39
121;671;T163MX573;1991-06-08;1443.39
573;761;A642UH039;1980-07-03;2091.46
990;963;H119OB180;1989-02-18;2359.67
978;120;I488OK389;1975-09-30;3593.45
797;933;E971ZQ126;2011-08-16;942.1
4;99;K032WH756;2017-11-05;1054.18
698;12;T053NS827;2010-02-15;4334.21
839;25;H944ZK248;1987-06-13;1387.41
370;710;N628VT169;1995-03-20;989.42
178;785;P061XS807;2003-03-20;2619.02
515;791;K391YV831;1989-12-16;3145.46
633;596;F853UK573;1995-03-15;2967.72
720;335;T417ND126;1986-06-27;1737.16
328;813;G736WU470;2013-02-14;2405.75
577;845;A758TH171;1996-03-24;298.72
569;153;W668MH741;1987-06-01;369.36
136;514;A002FF340;2013-09-25;1390.81
46;914;K102YJ507;1978-01-19;3617.75
232;110;Z104CU757;2012-11-10;4080.31
244;468;V756SF320;2006-07-15;2450.56
843;795;H043RN325;2015-03-02;760.32
882;860;X933QC257;1982-10-26;1111.98
94;611;K287IA797;1992-01-19;2404.28
776;401;N318RI108;2009-10-14;806.07
624;975;O547FU225;1989-06-25;835.95
994;460;L301NY498;2012-10-27;1851.08
799;51;Q279LS243;2019-08-21;855.76
971;65;G036WT068;2004-01-12;562.72
973;176;X889RX375;1971-03-14;2416.83
245;38;P826LV225;1977-09-10;4155.88
786;402;I653BM395;2019-07-23;4056.29
707;168;V694JG727;1995-06-05;4563.75
190;3;Q656FY072;1977-09-30;4149.36
107;185;F461FR611;2020-01-06;3808.82
202;117;X781DG341;1994-11-29;3114.06
111;812;E971ZQ126;2003-09-30;166.9
797;25;Y174ZQ912;2020-04-05;4365.48
450;700;W944WD042;1970-07-09;1970.94
191;865;R756NC739;1994-08-16;4072.3
834;658;P471SW226;1973-01-24;737.12
862;507;O394GT184;1997-03-14;1826.01
555;279;L513WZ848;2018-06-01;2839.09
655;46;D703KS620;1992-08-20;2765.96
75;118;T070XL467;2014-12-24;275.17
539;906;K026LZ457;1983-03-16;831.46
190;781;N018WO053;1992-04-21;3355.2
97;432;R496VS055;2009-11-01;135.57
842;786;S241UP942;2008-05-21;1181.8
317;932;E753QC381;2023-07-18;2688.25
812;800;Z974XG986;2007-09-16;2075.57
423;157;D420TT960;2003-04-14;3462.54
26;395;Z313QM819;2020-07-03;1313.46
246;698;V659FR333;1987-11-03;4075.12
758;326;O304GX473;2002-07-15;887.2
303;547;R294JB694;1977-02-17;3853.27
289;995;W305BC568;1981-06-30;1028.84
707;957;X380PC922;1986-01-08;2875.29
611;67;Q598FT850;1974-03-11;633.75
120;633;O280NA514;2003-11-08;3086.31
991;52;K379QF888;1993-05-04;3743.05
665;643;X365VH420;2009-02-24;2091.38
697;385;G961BW777;1995-04-29;3805.84
143;785;O241VM698;2009-11-18;1844.78
460;544;G719BK516;2015-11-28;1826.84
891;106;R589WS299;2009-10-04;2984.76
769;761;X420DN657;1985-10-04;1670.52
886;669;O547FU225;1983-07-20;1350.93
394;409;U159BJ250;1994-02-23;4894.62
579;197;M093UN202;2004-10-18;1066.21
948;14;B821XW926;2000-01-30;203.93
603;226;K282GB562;1997-06-17;395.44
661;538;H204OP248;1977-08-06;2402.87
483;965;E501YG874;2003-07-20;3586.0
695;740;H044WU163;1992-01-31;1848.62
329;760;I976OS344;1984-12-28;547.97
225;52;E837CR068;2016-01-05;3631.7
874;810;W695TL010;1982-04-19;3653.76
562;90;P826LV225;2007-04-03;1049.24
681;852;G574FC689;1973-08-03;4316.38
572;100;C195CV447;1977-08-25;691.34
214;421;H043ND847;2015-01-04;4479.73
875;932;R365ES595;1990-03-28;4201.39
349;492;D035HF121;2002-04-05;2798.53
370;349;Z950RX062;2018-07-15;4909.23
107;295;U816MO043;2021-08-26;3478.47
337;672;X380PC922;2014-11-02;193.0
434;86;D115IA823;1987-02-17;3165.81
871;296;P166NT389;1981-04-25;3062.64
939;414;V756SF320;2007-06-23;1046.09
265;928;B578JV232;1982-07-06;4344.15
682;357;I306JJ624;1994-02-06;683.97
454;267;N177YL786;1971-03-04;2213.7
804;715;Q706FS416;2017-08-19;587.3
726;272;I976OS344;2005-09-25;3062.77
223;319;Z932XF023;2002-10-11;3764.33
318;681;D035HF121;1993-06-19;3182.61
34;964;H107MY770;1984-10-26;719.16
104;889;J202GA576;2000-05-30;2928.33
847;163;E753QC381;1986-03-25;2976.2
955;476;X436WA872;1973-08-07;4059.48
336;612;W961HH123;1971-08-22;4546.36
613;320;J202GA576;1988-06-12;3512.26
282;635;G736WU470;1984-03-03;2226.66
18;495;R496VS055;1993-10-01;3550.35
482;526;P811XR787;2016-08-24;4506.72
49;397;V368LC471;2005-08-03;1443.05
182;203;Q289AZ741;2004-02-04;2354.29
264;693;S570CI192;1985-04-29;4614.51
18;541;X213XY435;2007-01-13;1866.18
198;167;Q289AZ741;1973-02-26;3117.92
112;732;T954WP919;1984-08-30;370.99
485;384;F658XG310;1986-02-09;305.01
264;996;I889QI945;1998-01-25;4501.34
397;263;P433JH519;1981-06-15;3233.91
732;547;K319IL535;2006-10-22;2371.5
405;565;J884EK091;2009-04-23;298.04
559;429;M042ZY736;2010-02-24;1766.86
150;241;P269ZY794;2022-06-17;1436.78
966;39;K632FB761;2000-04-18;1510.66
561;951;J202GA576;1989-04-26;831.28
112;551;A419TD579;2015-12-01;2321.19
134;402;W481RK440;1970-12-26;1153.32
664;390;D517WJ918;2002-04-18;3887.27
654;681;H882SK355;1995-04-16;4385.46
248;574;R397UP916;2000-02-08;4493.67
57;153;Y281EY847;2002-06-19;743.82
890;923;P471SW226;2012-10-03;488.63
425;311;I976OS344;1983-03-18;4007.63
849;661;S362LZ121;1999-01-05;2334.68
709;653;C429RE846;2023-06-16;1507.43
897;332;C347TI383;2023-05-18;297.73
817;770;T601XN833;1983-03-09;1553.16
80;397;F461FR611;2023-04-25;3221.65
274;371;Q347NF710;1974-07-28;2878.43
406;722;M983FP564;1999-11-25;4652.38
300;32;R413KD942;1997-08-17;3065.06
490;56;K391YV831;1972-02-18;4461.69
625;517;E007SM506;2016-01-25;4064.31
527;803;V368LC471;2014-02-18;3499.22
883;997;Y256GL912;1986-02-22;3967.82
244;618;L665IC867;2016-06-23;3043.99
791;722;Q873WQ435;1997-07-13;2056.82
572;768;Q289AZ741;2018-05-24;3474.8
796;472;C089SG900;1998-02-05;4344.02
584;483;B191GG733;2006-09-21;4193.02
60;746;E987SE211;1978-09-14;3887.58
38;464;O333CE509;1970-08-19;4648.96
744;449;D966ET721;1975-07-02;2085.74
274;342;F314QV684;1984-06-21;1154.56
777;331;M708TW294;1988-03-15;3325.38
391;464;E611XT436;1984-01-30;3883.52
326;369;P061XS807;1980-10-11;1869.22
923;769;B676YH745;2001-08-05;3190.04
300;897;P811XR787;1992-02-21;1025.37
895;627;V641WN148;1986-08-19;2772.24
108;715;O543XU168;1994-08-18;4969.49
570;712;M149SY564;2001-05-09;2853.55
114;230;N803HB388;1994-09-29;4251.65
417;255;W710PK194;2011-03-30;3251.97
143;336;O984FZ828;2004-07-20;1272.12
331;702;X889RX375;1994-10-06;379.05
146;826;D966ET721;2011-08-04;3883.29
875;332;Y080BG399;2019-06-13;195.93
797;342;E501YG874;1981-11-12;448.76
655;664;V694JG727;2004-12-25;2666.42
221;942;E064WN067;2005-01-01;2697.62
275;551;R381BI596;1981-05-20;1058.48
54;41;S879GA651;2013-10-30;3417.3
880;553;U839FM414;2020-07-21;4930.0
895;767;I873XL665;2013-11-26;289.64
93;798;H485HK769;1976-02-26;1699.83
576;902;N318RI108;2000-05-23;2088.99
213;803;K312JY586;2009-05-07;3325.56
433;438;V158TH667;2005-02-02;2016.77
174;89;H901XW689;1981-06-14;2070.72
501;336;D095OG479;1985-09-13;3477.44
498;80;A479UX788;1996-05-31;3978.85
249;118;Z874SH409;1984-11-25;1707.55
937;764;I653BM395;2018-10-26;2321.95
613;804;K145VL681;1995-09-15;361.72
135;311;P166NT389;2016-05-08;2487.35
671;812;X152DY900;2016-01-23;4208.66
858;570;A648BD274;1995-07-04;4867.85
455;2;W932DX901;1990-05-28;4477.96
201;997;X056TA133;2008-01-27;569.7
579;249;Z745QC661;1978-10-22;3855.97
935;621;O935VM543;1970-08-10;1273.8
821;657;Z259CF928;2014-05-15;273.09
71;920;R381BI596;2013-04-18;3097.43
170;957;S570CI192;1984-02-09;4390.51
214;698;Z252BX929;2000-03-16;3470.06
358;745;B042QQ712;1977-10-29;548.41
676;604;D743JT194;1989-10-12;3243.49
148;709;P084NE254;2017-03-13;4996.19
753;492;O168MO509;2014-12-15;3719.55
594;230;H902FU846;1994-09-22;2356.16
570;46;F436SV532;2017-05-20;1566.23
182;787;G719BK516;1998-07-07;1217.18
479;559;O913RY361;1979-06-04;1010.38
7;627;M527EK017;2013-08-16;455.55
345;361;S955KR036;1975-11-29;1088.35
37;957;L877JD728;2001-09-20;3509.96
665;20;O823CP483;2019-09-16;2337.55
797;47;C635BC937;2009-07-07;1601.81
289;342;H673YT005;1991-06-14;1845.16
545;546;S955KR036;2018-08-16;1808.68
306;574;U017QC264;2017-11-14;812.62
897;900;C779TG982;1970-07-14;4862.72
989;364;G384IW111;1991-05-25;1697.67
796;684;Z745QC661;2003-11-12;4937.68
69;315;X663RQ830;1978-04-19;1611.94
876;199;O935VM543;2023-11-04;3125.74
774;976;Z950RX062;2020-02-28;4902.61
710;928;F251UN293;2015-01-15;2004.73
45;30;Q289AZ741;2017-03-28;2615.15
600;338;V869IZ509;1999-12-01;4192.99
112;572;G961BW777;1989-04-05;410.15
501;502;H673YT005;2002-07-27;969.96
528;634;B439KO362;1987-12-16;3293.49
86;186;O241VM698;2022-10-13;3490.98
332;248;L410QO942;1975-04-10;3702.65
214;463;F310WA535;2017-02-14;457.85
938;58;L785HR247;2019-10-11;1045.94
486;627;Z357WZ215;2012-12-07;4041.42
124;786;S564HP398;2008-03-31;4794.65
249;741;B980NE096;1974-05-15;3135.37
50;168;N628VT169;2000-10-23;2418.87
253;475;Q253HM139;1970-08-12;1200.27
879;331;E671ZF064;1974-11-30;4989.68
886;915;C023GQ879;2016-08-21;2700.83
598;942;F198DX758;1990-09-17;1228.21
238;710;S318QZ970;1990-10-18;1813.5
530;89;O168MO509;1979-12-19;2711.04
329;370;Z360CT144;1980-12-18;1440.15
978;959;C941DS018;1979-06-10;3640.04
217;996;E064WN067;1973-04-15;2217.26
239;238;X394QE397;1995-11-05;4669.48
865;861;Z806UG867;2007-07-02;1920.02
314;274;S055EE554;2000-03-19;1114.91
92;360;F658XG310;1976-07-18;2929.0
573;391;X256GR773;1973-06-12;2688.2
628;277;S675JK648;1988-08-27;4412.66
350;239;Z718SD898;1990-04-14;4541.45
990;69;H237ZU176;2005-06-11;2426.02
28;920;R938TG013;2004-03-26;1405.08
401;729;R819KZ968;1985-01-21;4465.97
898;923;Y834FL141;2004-03-03;1346.98
531;393;O984FZ828;2022-11-25;639.3
328;429;C347TI383;1972-01-15;2848.23
621;248;M475FB956;1991-04-30;2939.02
388;762;B137XH939;1983-07-26;1482.62
48;7;W630GO264;1972-03-16;2399.22
512;975;Z027AH852;1988-10-04;828.84
528;808;D263FB574;1979-09-30;2937.91
599;677;P793RX660;1977-09-11;1944.81
515;384;O547FU225;1994-05-11;4900.77
454;264;C310MP558;2000-08-11;3353.04
61;461;F547AP794;1977-03-12;537.62
955;462;Z668UF159;2010-02-10;3992.42
988;584;Y834FL141;1971-08-13;3091.73
91;916;K908EO083;2008-03-29;4149.32
957;772;S581LY977;2019-09-28;75.17
183;336;P480KI381;1970-12-26;2216.88
402;774;T163MX573;2014-12-30;2194.06
516;507;X379HQ212;2023-04-07;2726.92
963;37;Y888VC527;1989-10-19;2149.87
91;362;J627DV963;2017-01-09;4816.17
529;329;T163MX573;1980-07-14;4352.0
869;413;H595RL520;2004-02-20;2264.09
667;140;J743LC214;1989-03-28;487.5
422;815;T008IE877;1988-12-31;4763.37
321;405;U270ZI315;1985-04-05;4703.36
56;657;P733HD048;2019-12-08;1527.98
362;787;I437FH051;1985-10-21;297.19
137;996;Y175QT679;1974-04-28;3012.52
653;692;D093OO457;2013-04-08;2040.38
451;700;G410WV499;2001-08-17;3678.82
281;153;A952HX569;1999-09-08;550.36
282;473;R847WH053;2009-09-12;4086.35
641;613;O138RY638;1990-08-04;320.95
352;415;C347TI383;2007-01-29;714.45
329;378;A764GQ131;2018-06-14;1347.59
934;99;Q289AZ741;1998-12-19;60.48
41;1000;G862SX970;1974-03-03;595.48
605;570;W991KL462;1993-11-21;2992.44
14;160;Y738AO090;1981-03-03;1574.0
309;394;B137XH939;2009-02-24;1337.04
61;237;F000KZ842;2015-09-02;4880.72
941;735;F491CR540;2016-04-14;705.3
231;672;N177YL786;1997-08-16;2207.39
208;533;Z595PR867;2010-10-31;4314.32
633;753;Z795JB531;1984-12-23;4905.83
607;349;O536EU597;1985-03-03;4050.53
785;554;K048OP073;1994-09-04;2366.75
608;337;Y155XG291;1982-12-05;146.07
112;31;O823CP483;2021-10-16;2065.45
81;197;P391ZP273;1977-03-02;2630.23
365;61;D095OG479;1996-06-27;2085.05
806;291;J555FK841;1980-08-21;541.16
753;512;N018WO053;1999-07-10;4272.66
167;852;F623TJ934;2021-06-26;2072.92
369;372;S879GA651;2021-10-28;149.94
933;976;J385EP730;1999-09-07;2873.77
231;253;P391ZP273;1986-11-04;4613.43
753;964;N080HE397;1985-04-13;3848.29
587;425;R329TF648;1995-06-15;4517.4
237;403;Q731MB314;1972-12-05;418.74
639;854;D374KK400;2018-05-29;4083.97
647;480;O062OQ304;2004-09-24;3808.49
263;271;G027QH485;1986-01-21;2637.17
258;967;P084NE254;1990-05-18;4862.67
246;245;V977BD829;1979-02-02;3387.77
536;634;U208AQ548;1974-10-17;1550.68
11;57;P477ZM192;1988-12-04;410.65
346;23;B215UE069;1991-09-28;1346.25
688;743;B545OF605;2018-02-09;3332.93
359;992;G614RA894;1997-08-24;3025.04
786;556;Q870UH057;2014-03-28;927.57
139;729;G531RG329;2019-12-31;2221.28
832;980;A764GQ131;2014-05-08;2320.0
903;878;S564HP398;2000-07-13;3226.51
971;711;N906GN519;1975-07-04;2229.07
21;872;Z072WS303;1988-03-14;2599.06
196;582;F073MN676;2003-07-21;686.58
532;131;K990EG331;1990-03-05;4577.25
108;19;V426ZZ831;1980-02-04;4776.43
752;199;I437FH051;2006-01-15;2737.94
590;363;A758TH171;1982-06-04;2508.15
710;964;P733HD048;1996-10-01;1906.14
317;480;T609ZU649;1985-08-13;2052.66
512;512;F559KT212;1997-06-20;1319.34
445;634;U807UJ080;2022-03-20;1094.59
984;333;Q971ZR658;2008-04-06;3234.12
788;381;U805BM972;1975-01-21;3356.15
603;486;G924VL355;1976-09-28;2935.52
985;80;G719HP123;2022-04-22;1021.15
346;808;H485HK769;2000-09-24;113.92
690;886;C177IK026;1977-11-24;1697.43
515;884;S946VF355;1989-11-22;4784.43
989;666;E064WN067;1977-04-15;525.0
642;116;O062OQ304;1998-02-08;1284.0
578;850;Z362XD817;2014-02-28;4129.16
392;988;U733ZR006;1988-08-04;2678.4
19;802;D336KG039;2020-06-09;4809.73
275;430;F173PZ338;2005-09-14;2359.88
810;184;B676YH745;1989-12-27;3265.11
556;809;I240UA307;1996-12-26;3170.67
308;252;S761ZL644;1988-02-01;4969.21
126;974;Z862DT045;1977-02-16;3479.18
533;292;F436SV532;1989-08-10;2997.75
19;783;B610HP974;2021-10-16;4592.9
96;561;H901XW689;1977-03-08;1984.82
549;601;G531RG329;2003-09-10;983.27
556;305;H043ND847;2007-02-05;365.04
883;664;O265NN543;2000-04-10;2088.85
205;762;L060SC070;2005-07-19;2903.24
852;155;K715LW140;1974-01-22;2573.25
259;106;J569ES960;1994-10-04;4041.21
426;988;A992LZ171;2005-08-06;836.25
774;136;H754FB730;1974-01-24;1139.26
752;701;X216OJ460;1993-07-20;1908.5
916;121;T601XN833;2006-05-27;3875.19
61;896;Y834FL141;1979-09-14;1476.44
197;762;M708FD645;1985-11-30;3112.49
176;831;O138RY638;1996-10-14;3143.13
894;217;H199NQ380;2010-04-06;541.14
899;158;H000UP415;1994-03-14;4032.55
239;19;V904YN637;1992-04-04;4510.72
24;390;L037WO717;2009-02-22;1633.57
997;928;N151TH903;2016-02-29;4528.94
769;740;Q706FS416;1976-03-06;1953.0
776;727;Q279LS243;1987-03-27;3677.5
548;241;U532MO932;2008-11-15;912.35
586;945;T609ZU649;2012-05-06;4928.58
958;995;C941DS018;1988-03-27;2916.98
451;873;R819KZ968;1997-07-16;4692.67
450;932;Y608ZC977;2022-06-28;191.75
181;982;K026LZ457;1971-06-07;2024.62
209;972;G966HB092;2019-08-07;4262.13
799;610;Q744FI732;1989-09-24;4791.91
705;377;C310MP558;1974-11-21;3219.29
517;353;F969PK704;2003-06-28;1314.48
184;625;L206GS465;2015-12-17;3655.54
411;464;J173KJ020;2000-03-15;4866.22
173;250;O815HH479;1980-09-03;1913.42
482;141;G574FC689;2003-01-04;994.88
247;827;R807OP138;1992-06-12;3250.76
93;852;K828JY266;2019-01-12;2930.75
999;248;J748BV685;1989-05-11;107.67
747;332;F198DX758;1999-03-16;1626.73
35;986;V608QW561;1987-05-20;3690.14
349;116;I889QI945;1997-10-31;1156.14
407;850;K792LE294;1972-04-03;622.16
96;825;P518HU769;1972-09-07;1706.01
45;387;E422RZ271;2006-11-19;3879.36
654;528;L665IC867;2005-02-21;461.0
797;858;K391YV831;1995-06-14;3012.34
285;864;V904YN637;1972-04-11;4603.96
209;643;U942KV120;1986-07-20;2506.36
214;743;O138RY638;1997-10-18;3232.15
3;668;Z900RZ785;1994-08-19;3066.3
368;77;U700XD049;1981-05-09;3614.79
834;229;D966ET721;2002-12-26;4678.91
707;556;D183RO158;1986-11-30;412.41
287;495;I784IH810;1979-08-16;4774.29
918;619;Z874SH409;1973-06-19;968.68
169;300;Z358VD406;2023-04-08;771.68
193;690;X216OJ460;2013-08-29;1477.85
153;399;L785HR247;2020-12-05;4454.52
969;600;U468HZ746;1987-02-07;194.29
936;875;Y682KQ561;1991-05-29;2352.02
971;437;K691UF452;1970-02-17;151.38
549;656;I598JX763;2014-05-06;3281.38
33;161;Q104TP124;1979-03-15;1211.05
730;583;L037WO717;1971-06-29;954.1
550;75;E304WE733;2020-06-30;2000.78
401;953;E172MQ804;1970-07-22;4625.5
762;411;V167BV658;1998-09-04;3888.58
234;233;R587DH341;1986-11-29;1086.28
628;3;M002XG094;2008-02-18;3794.43
285;645;L750KY548;1988-09-22;2333.02
639;279;Q513JQ313;2010-07-05;3178.62
393;506;Z530CX288;1985-08-14;4429.89
368;833;F376KE284;2014-10-09;3440.4
467;787;J884EK091;1974-01-02;3659.15
631;687;T601XN833;2018-09-04;4602.77
591;971;D105HA753;1972-03-10;935.59
116;850;R413KD942;1970-08-13;1648.47
210;804;N621SP411;2013-05-25;1946.02
745;70;L955VO506;1972-06-23;2554.96
431;799;R121XY594;2017-03-09;3497.86
446;535;Y605ZL402;1973-07-03;2563.41
211;640;I548DN692;2010-07-04;3223.68
651;522;Z094XW518;1976-08-27;736.65
112;752;Q870UH057;1974-12-04;4735.83
960;766;B671AM705;1978-07-13;2228.13
431;203;Y701RS404;1994-07-14;54.84
646;371;B706CK305;1991-04-19;1347.8
434;377;B165UA108;2018-09-21;4315.37
224;694;E880YR144;1971-12-08;728.4
811;786;U208AQ548;2021-04-14;4025.45
828;298;X102PY865;2015-11-03;4006.37
614;40;G410WV499;1971-02-27;1289.78
284;628;Z860JV268;2014-01-19;266.97
853;756;E041ZO489;1977-05-29;4159.29
302;935;Z027AH852;1988-01-14;4167.39
461;268;J655SQ655;1979-05-05;4808.2
616;191;A578VU633;1978-06-27;2502.29
178;7;D093OO457;2009-11-17;1345.13
204;378;M368IV804;1972-07-18;3417.1
740;812;F623TJ934;2005-03-21;4868.15
424;746;S318QZ970;2022-04-28;3277.28
799;905;A505QG094;2015-02-20;3108.39
659;342;P284RQ903;2021-10-12;3019.49
869;106;J186UE011;2022-08-02;3943.54
575;666;H414DJ979;2000-08-29;283.35
175;927;M843SO486;1991-12-24;546.66
644;220;S581LY977;1981-01-02;2501.59
917;172;X618MI946;1979-03-04;3174.36
708;544;Q645FV740;1998-01-20;4912.01
196;198;R672JU030;1993-07-31;1583.38
285;773;U208AQ548;1981-10-02;468.11
304;30;J637ZD247;1984-11-11;2586.54
148;352;Q731MB314;2004-05-31;3509.84
741;439;W444GI692;2021-06-29;4266.43
694;790;Z862DT045;1980-07-28;278.9
808;613;C353JR067;2019-03-15;850.73
108;259;P123ER759;1992-04-26;3506.13
857;990;V902BR856;2009-09-18;192.77
371;405;M225BH871;1998-08-08;1180.37
667;711;F236VA639;2014-06-13;3055.08
436;660;Z860JV268;2021-02-05;223.24
805;893;G924VL355;1987-01-16;1016.46
994;682;N901RC763;2019-03-27;4816.3
294;532;E064WN067;1989-02-23;673.83
448;726;I630NV478;1982-06-25;2639.91
324;233;G027QH485;2003-10-09;2767.53
51;599;J743LC214;2007-05-10;194.76
782;208;K391YV831;2021-12-05;3144.03
89;934;A745NW673;2011-09-01;1225.29
299;372;U178JT387;2011-04-25;3006.54
658;346;A698EV560;1988-09-11;1561.58
565;269;H335CF252;2010-11-24;2287.39
193;484;L109SI369;2001-02-17;68.75
372;267;U700XD049;2008-03-25;2458.83
