Stephanie;Moore;2.95;42;7881409723906
James;Young;2.55;59;4982082619416
Mallory;Vazquez;2.1;69;9543139511501
James;Martin;2.05;46;1719452588449
Stephen;Stone;2.51;38;4151776119314
Douglas;Smith;3.34;74;6242657467335
Allison;Rivera;3.41;73;4668259121657
Maria;Francis;3.94;80;5101351829901
Lisa;Prince;1.15;96;1871876846808
Joshua;Riddle;4.81;65;5318614186686
Joseph;Weber;2.72;99;6088087144812
Mckenzie;Ayers;4.67;61;8058936839281
Alexis;Garcia;4.48;38;1570643736177
Brett;Anderson;3.63;78;2025537698993
Sarah;Mack;4.56;56;9241735904550
Tara;Blevins;2.69;42;3997443128542
Bruce;Mcbride;3.03;86;5942916117878
William;Spears;4.03;28;8329784972427
Desiree;Roberts;4.81;88;6960268891299
Andrea;Joseph;3.41;65;9948300970608
Zachary;Brewer;3.85;28;2239213984111
Tiffany;Jimenez;3.32;26;2655520085130
Charles;Evans;3.94;36;1269494234540
Veronica;Freeman;2.88;70;8527568165798
Stephanie;Harrington;2.5;52;9247481839456
Lisa;Fisher;3.31;79;0417485664450
Shannon;Torres;3.04;42;1648461259817
Brittney;Cook;2.19;49;1075990210033
Joseph;Smith;2.45;45;1578110342895
Marissa;Walters;1.57;30;5242841056469
Aaron;Jones;2.8;96;7251159618345
Tony;Reyes;2.55;75;7383678253320
David;Davis;3.06;52;9276407726712
Adam;Rivas;1.99;22;2954653450093
Sabrina;Wood;2.9;52;2362832618949
Lori;Howard;4.14;99;8956194101964
Catherine;Murphy;2.09;18;3346527306918
Erik;Palmer;4.36;39;0042506801993
Chloe;Welch;2.15;38;9648544352470
Sandra;Ramsey;2.16;59;9562383578134
Alan;Martin;1.5;41;3052651415058
Michelle;Smith;1.02;69;3785400934622
Sharon;Cohen;2.26;42;6315953713617
Andrea;Raymond;1.33;28;5145977989147
Nicholas;Miller;2.29;21;0028495994862
Lori;Fletcher;1.35;67;3953874357986
Marcus;Lee;1.2;80;5789880038440
Jeffrey;Vaughan;1.94;59;8191514242864
Francis;Nunez;4.04;89;4329419151075
Sabrina;Stone;2.85;20;1359772712682
Richard;Johnson;4.14;17;1766620602799
Lori;Lewis;4.68;40;8887342086491
Sean;Guerra;4.97;34;2930773120271
Nicholas;Jackson;1.7;49;6127705515152
Tiffany;Le;4.11;83;9244460861978
Ryan;Hernandez;3.66;59;6348125311263
Ashley;Hernandez;4.23;96;1083880098354
Amber;Hardin;1.28;48;1652282673148
William;Melton;3.33;23;9152322434552
Lori;Barton;4.04;52;0124947720700
Peter;Davis;1.59;87;7098451337470
Jennifer;Huang;3.48;47;0762341020907
Daniel;Rodriguez;2.02;27;7343192515891
Jeffrey;Johnson;1.84;61;3137548340045
Brittany;Hernandez;2.37;45;3001937760458
Stephen;Ball;3.68;23;9306927194550
Patty;Wilson;4.68;15;8838324100114
Tiffany;Smith;4.63;65;3238049150418
Benjamin;Smith;3.23;91;1166190891971
Michelle;Serrano;4.31;69;0205382082264
Amanda;Williams;3.7;33;1216387651307
Jacqueline;Mitchell;2.27;54;0687007903858
Rachel;Gamble;2.35;26;1150437085559
Alexandria;Brooks;1.72;27;4938815496409
Alex;Sanchez;1.87;56;0612124140534
Angela;Rios;3.3;77;3906848508606
Victoria;Hernandez;2.9;19;4266017792344
Benjamin;Myers;1.1;56;8111866626251
Eric;Moore;1.61;25;2744865639992
Victoria;Smith;4.76;95;2348410325792
Erica;Mullins;1.69;34;5056615246512
Diana;Thompson;4.74;34;8435762317119
Kenneth;Sherman;2.07;84;4482820869170
Madeline;Vaughan;2.68;94;3765319573674
Scott;Peters;4.8;33;3283692349469
James;Weeks;2.67;73;7691641345231
Sandra;Williams;3.15;69;1975830800235
Ashley;Williams;1.39;28;3269820097601
Scott;Cervantes;4.74;39;2752143187641
Crystal;Hatfield;3.78;24;6832152213053
Brittany;Kane;4.78;64;2621948936972
Lisa;Mcdaniel;1.84;63;2157339403697
Brittany;Miller;2.49;62;5524039679538
Sharon;Garcia;4.35;21;4908162879556
Anne;Michael;1.46;18;8802347170911
William;Carroll;4.61;69;8014251528833
Stephen;Sutton;2.84;30;6512502353065
Anna;Carter;4.04;79;6964202206243
Donna;Smith;4.84;36;6631228226873
David;Little;2.29;48;4849834884547
Emma;Davis;3.31;14;6082773521979
Eric;Graves;2.83;54;3140018581807
Kristin;Jones;3.92;23;0181904441483
Holly;Campbell;3.4;39;1714594915712
Jordan;Lucero;1.93;14;9686893299660
Lisa;Romero;1.69;66;8661156360045
Charles;Adams;3.87;34;8583192589776
Luke;Riley;3.36;66;1428292425555
Anna;Harris;3.74;32;0245173842020
Melanie;Wilson;4.41;51;5908145796952
Jessica;Alvarez;1.87;67;9504229684258
Kevin;Bird;1.29;77;3233802357077
Justin;Davidson;2.69;70;1649662337841
Holly;Adams;3.8;90;2493605177527
Alexander;Mendoza;2.26;17;4161047460711
Gina;Campbell;4.92;69;6170384648206
Elizabeth;Glover;3.43;52;6140941392136
Timothy;Escobar;4.19;33;2732944689260
Rebecca;Carter;1.42;95;2580456323499
Christina;Booth;2.17;92;4607258380450
Nina;Hill;1.93;65;8767840190688
Lisa;King;1.06;49;1434357680931
Shawn;Walker;2.87;16;5766300580244
Zachary;Carter;3.67;43;9419239254588
Andrew;Holt;2.81;17;6832086765043
Michelle;Greer;4.7;18;7628130527461
Rodney;Mcdonald;4.69;61;9589324280081
Chelsey;Molina;2.17;17;9833671275930
Ashley;Barnett;4.76;70;6235383354664
James;Lambert;3.72;67;0388033247359
Shelby;Mendez;3.09;92;7712095689341
Alexis;Bautista;1.02;36;5092048118848
Amy;Silva;1.65;55;8315825041883
Patty;Brown;3.37;31;1468687516380
Laura;Morales;3.45;22;2942262625027
Michael;Brown;3.13;26;4533083492986
Mark;Johnson;3.82;35;4548621639196
Marc;Weber;2.7;14;4143669463669
Stephanie;Moore;3.23;87;1155605668909
Kelly;Bell;1.04;83;9977091476468
Glen;Martinez;2.92;65;7154007073643
Andrew;Haney;3.0;31;9936525053143
Robert;Wang;3.57;90;1705948392486
Seth;Butler;4.35;37;8540320603952
Sherry;Stewart;2.44;32;9024849862724
Hannah;Spears;4.77;68;3649680333093
Angel;Perez;1.87;55;7195458179651
Adam;Avery;1.16;42;0467666096566
Kevin;Yates;1.36;66;1321377602155
Laura;Stark;4.48;84;5950267166934
Danielle;Mcguire;1.16;57;3931462447911
Tricia;Stevenson;2.18;66;7996750244129
William;Perry;2.21;63;8124405059396
Michael;Andrews;4.18;97;3375212288648
Scott;Tucker;2.29;28;5682035172626
Brianna;Coleman;3.82;85;3849084585500
Michelle;Boyd;2.32;71;9127071521299
Jeffrey;Cole;2.08;79;5700727797587
Kelly;Lopez;2.92;27;5994269905817
Tammy;Blair;1.56;51;4786058291307
Meghan;Miller;3.13;40;3187233406033
Paul;Patel;3.44;69;7678437980916
David;Wright;1.25;26;1889531148581
Thomas;Anderson;2.8;81;4537301457180
Rebecca;Howard;2.4;39;5301054069674
Teresa;Graham;3.15;97;3727946106181
Shawn;Lyons;4.26;18;4784112890281
Andrew;Peterson;4.86;37;0614863723110
Evelyn;Garcia;3.36;23;9372381157337
Erin;Petty;3.17;66;9262116055406
Nicholas;Peterson;2.93;77;0491444594292
Laura;Larsen;2.86;14;3101887169767
Catherine;Perez;3.54;98;3265930763016
Michael;Duran;1.87;28;8446424545145
Richard;Garza;4.14;88;6709235991562
Tracy;Morrison;3.84;57;1283098327490
Mark;Hester;1.28;34;3001518493963
Douglas;Howard;2.38;73;3123350279472
Laura;Moore;3.31;36;2348713972645
Patricia;Moore;1.99;32;5419376077813
Daniel;Gonzalez;3.25;84;8166267063531
Thomas;Rios;3.94;87;4867136426366
Catherine;Schmitt;2.23;99;4905708608796
Edward;Miller;1.21;91;2811654498496
Yvonne;Ray;4.55;67;7584122334380
Shelby;Forbes;2.05;31;9076906423599
Julie;French;3.58;79;0242369350693
Randy;Smith;1.3;58;3787423237128
Anthony;White;2.94;37;0002537370729
Lisa;Hayden;4.48;20;5682652441157
Joann;Sutton;4.17;16;3938880269032
Andrew;Santos;3.65;49;7301389017392
Samantha;Gonzalez;4.83;17;8415957316221
Mark;Pearson;3.33;20;4351097655968
Monique;Daniels;3.18;34;7740666257213
Jennifer;Hess;4.98;85;1122933943591
Randy;Clark;4.29;87;8310416601743
Angela;Ballard;4.27;95;3774045202135
Lisa;Castillo;1.99;78;0623659342548
Jennifer;Fernandez;2.39;29;7974004464480
Hannah;Holloway;2.39;82;5950179723790
Diana;Griffin;4.73;72;8130999496620
Michael;Mercer;1.82;41;9724386274494
Megan;Richards;4.4;66;9182708387635
William;Hooper;4.31;80;1361179739265
Spencer;Williams;2.67;91;4669881862396
Nathaniel;Obrien;4.83;37;4361225315605
Darren;Lopez;1.87;93;0885022962319
Molly;Reed;2.54;79;6213113245972
Michelle;Bailey;2.97;33;8967083408002
Donald;Velez;4.73;77;0093481749407
Betty;Cooper;3.31;61;7755017547745
Sandra;Hart;1.62;92;8299747104628
Catherine;Bonilla;4.9;48;2163444138515
Michael;Summers;3.19;48;0434678542316
Jason;Koch;2.42;66;1167604066007
Kenneth;Sanchez;1.58;46;6324205220028
Monica;Gray;3.95;19;5644798748569
Ryan;Tucker;3.08;43;0671084503811
William;Strickland;2.92;62;7410597285748
Rebecca;Kelly;3.35;20;3202738859348
Sherry;Boone;4.73;43;3641365245585
Stephanie;Austin;3.75;77;3463781767689
Robert;Hickman;1.19;38;9933446909641
Kevin;Alvarez;4.33;44;8190462491655
Alfred;Taylor;3.76;93;8162014972484
Jose;Palmer;4.61;54;8380436377287
Amanda;Rodriguez;2.56;86;9698701011416
Michelle;Miller;2.78;16;2522182234429
Ashley;Poole;2.63;18;2620150638536
Frank;Sampson;2.46;58;9136156208038
Lacey;Cooper;4.16;80;4797598372215
Elizabeth;Cooper;1.17;22;2682244804486
Philip;Green;2.24;39;7811016712743
Lance;Williams;2.57;41;6299459036851
Jasmin;Oconnell;1.81;94;2254100749857
Jessica;Johnson;2.42;28;6796916896138
Calvin;Robinson;3.81;22;1702265233459
Bailey;Marquez;4.01;52;3497491059457
Erika;Wilson;1.36;90;8006545459272
Johnny;Davis;1.67;78;2403778170423
Lisa;Conrad;3.65;31;1073249515976
Parker;Kirby;1.66;93;4629373738600
Renee;Glover;1.49;51;8367816520640
Sabrina;Gray;4.82;55;9330362673666
Jason;Davis;4.8;76;8079992571360
Shane;Adams;2.41;37;9222288854030
Tonya;Bowman;3.94;30;8914742827100
Jason;Russell;1.6;39;3974794033457
Kathryn;Nichols;1.13;22;1306325686102
Hannah;Huff;2.62;87;4118815863187
Patrick;Williams;4.77;31;4940491143145
Gregory;Miller;4.63;91;5534387415791
Bradley;Berger;3.43;92;6574502221200
Charles;Howard;3.88;78;4372156709505
Amanda;Harding;3.4;55;2995322013739
James;Torres;1.92;86;4272957081968
Johnny;Scott;4.31;89;5242024344738
Benjamin;Horne;1.04;29;0876815289602
Emily;Burton;4.37;26;5038110150021
Jennifer;Stewart;3.87;81;3060130852819
Brandi;Gardner;1.03;14;8567162859216
Jessica;Harris;1.9;33;7627672135290
Kathleen;Moore;4.92;25;8011723947799
Roger;Church;3.87;79;9256451159840
Jonathan;Yoder;2.94;25;7372246893610
Ethan;Green;1.98;25;3220393647939
Joshua;Evans;2.44;89;1295930746989
Eric;Kemp;1.57;70;7899123780009
Christina;Walker;1.04;67;0097239211196
Jessica;Nolan;4.33;81;1456348884128
Lauren;Zhang;3.61;74;7445192984294
Crystal;Garcia;1.61;44;5233138182448
Natalie;Garcia;4.92;91;0507181095723
Steven;Lee;1.25;20;1646883155776
Jennifer;Phillips;1.21;69;6646034387378
Christina;Rios;4.85;62;6873953675990
Cindy;Edwards;3.28;82;2538619124304
Joshua;Hansen;3.53;45;3395705930047
Courtney;Reyes;3.13;84;4129206181782
Tina;Robinson;1.5;89;7080890436610
Pamela;Ferguson;4.21;80;4619002593624
Jeffrey;Baker;1.39;28;7069862944266
Thomas;Hughes;4.15;77;2381724903751
Jennifer;Welch;1.24;84;5186134699042
Brian;Henderson;3.69;46;8850752750980
Debra;Kelly;1.09;20;6073718489829
Gary;Briggs;3.95;28;9092021473844
Shelly;Valdez;4.91;48;3531765736736
Christopher;Barrett;2.24;65;9625436296393
Joshua;Franklin;3.19;30;3655039017718
Brian;Williams;1.01;95;8132956432417
Margaret;Scott;3.76;68;7413359169684
Sarah;Brown;1.41;54;0365484069032
Mary;Lopez;3.36;62;4869079615730
Anthony;Kane;4.84;41;7886522290914
Amanda;Mann;3.37;70;7176036251592
Theresa;White;1.41;68;0760075929879
Pamela;Williamson;3.3;92;2192213024309
Janet;Hays;1.17;24;0393216637746
Mark;Robinson;4.81;73;7366770269902
Andrew;Jones;4.55;56;6240187659282
Alexander;Rogers;2.14;14;5427318658811
Thomas;Fry;4.34;46;1846541125350
Pamela;Martin;4.9;24;5515529125302
Douglas;Hill;3.67;55;1607017249711
Amy;Castro;1.87;68;9098587332059
James;Mercado;1.95;41;9037409696958
Monique;Griffin;2.5;21;5800175817246
Andrea;Jordan;1.15;54;9749095262580
Eric;Brown;1.21;24;5679142051914
Ryan;Torres;2.57;17;8572748581336
Mason;Hodge;4.42;80;9416457162884
Tracy;Ibarra;4.33;31;2216041499662
Anthony;Jackson;1.43;28;0305556893405
Mark;Glover;3.72;45;0565381169024
Susan;Graham;1.6;24;5243387281415
Eric;Henderson;3.18;51;3713935984309
Annette;Byrd;2.64;50;5218147983779
Dakota;Ritter;2.36;17;5994594948797
Erica;Holland;2.61;20;6671762331956
Kenneth;Garcia;4.18;75;4237381399877
Daniel;Fox;2.46;66;2127642088479
Anna;Alexander;4.45;84;1516596047333
Kimberly;Garcia;2.28;43;3684404056504
Angela;Jenkins;3.46;29;8744071659159
Richard;Cummings;3.17;68;9450964641743
Dakota;Brooks;4.09;77;7854106972498
Tammy;Duffy;4.56;79;2181415460162
William;Murphy;3.65;29;6352471925527
Matthew;Thomas;3.02;74;1095992106689
Jillian;Johnson;1.52;77;1914393037777
Jennifer;Steele;4.81;38;1604064725863
Patricia;Trevino;2.1;95;0766735031397
Jennifer;Bolton;1.65;66;8795342527476
Erica;Trevino;1.1;49;3192112841455
Kendra;Allen;2.51;42;4657478205696
Michael;Yoder;4.66;40;1586287808265
Samantha;Carlson;4.71;99;8809817827126
Jacob;Collins;1.94;44;3291189878040
Charles;Krueger;3.24;56;2596937754610
Jennifer;Harris;4.04;86;0188600652241
William;Knox;2.48;15;2177650307928
Steven;Hobbs;1.03;52;1617374357011
Alexander;Mitchell;4.97;89;3720499976781
Kyle;Patterson;2.27;39;5499990800570
Daniel;Green;4.88;26;1583329047701
Christopher;Burton;1.88;79;2050410134830
Kyle;Hunt;3.35;21;7647918747413
Tiffany;Flores;3.96;83;6150790345794
Virginia;Merritt;3.22;46;2453727630419
Joseph;Williams;1.51;51;4879544569815
Barbara;Davis;1.02;55;8093146077560
Valerie;Simmons;1.28;78;0468401433745
Katherine;Acosta;3.28;66;8570762381230
Keith;Price;1.7;24;7574592234725
Denise;Payne;4.0;30;1626857342335
Matthew;Nguyen;3.58;52;5710007577957
Charles;Salinas;1.65;77;5687477010051
Katherine;Jones;3.5;52;6767314964782
Christina;Green;3.51;66;3704826708371
Amber;Hickman;4.57;47;1685813014363
Robin;Wilson;3.69;40;0013009796573
Michael;Jones;4.51;81;4550843663756
Paul;House;1.98;41;0766575453094
Joel;Kline;3.91;67;4173829670517
Edward;Andrews;2.94;23;9493530484515
Mark;Henry;1.98;70;4681144129023
Kimberly;Thompson;3.1;63;9344683895515
Kristen;Williams;4.74;32;3761503779688
Brian;Johnson;1.53;74;9744200154598
Erin;Mason;2.66;69;7075656575005
Jason;Goodman;2.04;73;3644845685994
Jennifer;Wilson;3.5;50;9975725468983
Stephen;Hess;1.78;72;1198783909547
Yesenia;Hill;2.66;16;0913557689824
Raymond;Moore;4.81;50;6523928716743
Jo;Schmidt;4.36;55;2262586801450
Lauren;Brown;4.54;14;8200951123850
Brittany;Graham;4.29;91;2394410757249
Anna;Luna;4.02;87;5254517993718
Wesley;Johnson;1.02;66;6863465654744
John;Guerrero;1.13;70;3270604858308
Edward;Morgan;3.03;17;4674904203379
Stephanie;Webster;4.04;96;5822407649000
Brenda;Williams;4.83;65;4536441678825
Mary;Schneider;2.47;37;7337812405592
Catherine;Duran;2.97;71;4760222786651
Michelle;Black;2.14;17;7540908906955
Thomas;Brown;2.89;85;8065049283760
Melissa;Lewis;2.61;58;0030580909533
Shawn;Daniels;4.42;38;9802917114791
Stephen;Oconnor;4.56;94;4625679221787
Mackenzie;Fuentes;2.73;14;3179387233693
James;Ortiz;1.81;69;9412529425033
Brian;Blevins;1.62;99;6214529614005
Renee;Torres;2.09;62;6503665738610
Amy;Howard;2.79;62;5435557927470
Scott;Wood;2.08;35;6163437665031
Jeffery;Graham;1.21;52;4300562475679
Ryan;Nelson;2.93;24;3390665808686
Deborah;Arnold;2.14;55;6865679385595
Katherine;Leon;2.85;47;1766313986197
Kelly;Collins;1.85;42;4074523917981
Brittany;Weiss;3.02;55;1132373420079
Rebecca;Collins;3.5;77;5407514973745
Danielle;White;5.0;62;9440084174915
Sean;Le;4.91;64;2229683369318
David;Neal;3.11;95;0492393667605
Melissa;Anderson;2.16;89;2504178303584
Jessica;Torres;3.48;95;5397844310201
Carlos;Clark;1.76;97;3037574282357
Sara;Watson;3.6;32;1339304504254
Danielle;Richardson;3.98;97;3418177434543
Gregory;Brown;2.72;31;6109434510931
Carrie;Rodriguez;1.83;67;9487141511849
Nichole;Pittman;1.87;76;4288480994768
Rebecca;Mathis;1.25;21;0697902154794
David;Brown;1.68;48;3585631620935
Jose;Fields;2.51;50;6872001589308
John;Walker;4.45;52;5785094514888
Lori;Clark;4.4;36;0860525799600
Kendra;Parsons;3.71;23;7302129709666
Terrence;Lopez;1.4;62;2988316613528
Laura;Brooks;1.23;39;9427182753055
Luke;Brown;2.06;27;6012128549078
Robert;Martinez;1.45;70;4887627898035
Laura;Owens;1.96;88;2067198306382
Deanna;Lynch;3.8;75;9342975363724
Hector;Malone;2.12;15;7385067902017
David;Adams;3.55;72;2062404673581
Stacey;Anderson;1.75;37;6808376434006
Robert;Murphy;1.28;82;5158347906340
Michele;Rodriguez;2.03;79;7644598058770
Rachel;Brown;3.58;86;2571231577939
Christine;Gilbert;3.5;24;4841853079077
Joshua;Peterson;2.2;22;0796971561261
Joshua;Hill;2.49;49;5895395958396
Mark;Garcia;3.92;78;0446754027504
Alyssa;Murphy;2.66;91;7166216970831
Kelly;Fernandez;2.6;58;5043939799844
Susan;Randall;2.93;37;6679576312802
Andrew;Phillips;4.53;60;2705497403669
Nicole;Davis;1.74;55;4103195129057
Aaron;Hicks;1.32;95;0870251338393
Andre;Jimenez;1.75;50;4476274407766
Norma;Rosales;1.04;45;9141942377901
Kenneth;Hernandez;1.8;92;2594463400848
Monique;Graham;3.11;65;6208756158727
Eric;Rios;3.43;87;3925463823578
Jessica;Downs;3.52;54;6980289278231
Pamela;Cherry;2.95;21;5701359678994
Jose;Johnson;3.44;66;9510687241125
Ernest;Gardner;3.73;85;5556470765979
Barbara;Ford;3.11;24;6781260801309
Michael;Henson;2.82;57;5968783481719
Brittany;Garcia;3.15;53;5154727226437
Angela;Fletcher;4.21;32;2248487862244
Joshua;Marshall;3.85;61;1545914860103
Melissa;Schmidt;3.74;17;8082185091360
Meghan;Parrish;2.24;91;9363665220715
Cameron;Miller;2.59;86;0036097090588
Raymond;Alvarado;4.81;67;9634463653319
Mark;Lopez;2.09;59;5172446342935
Eric;Johnson;4.96;31;5551817288010
Desiree;Baker;4.6;93;6037636063371
Natasha;Ellis;1.86;41;6155237241056
Kathleen;Morrison;3.6;36;0760443570744
Bradley;Sandoval;4.21;47;8790685044344
Lydia;Davis;4.18;64;8285962068253
Dylan;Cohen;1.15;95;4919200443749
Michelle;Miranda;4.4;49;9397857262559
Suzanne;Anderson;4.93;54;4362046453743
Gabriel;Baker;2.05;68;5737305543204
Megan;James;1.1;39;0798113364590
Philip;Miller;1.71;81;6851281843604
Heather;Nichols;4.63;83;4375498522875
Robert;Knight;2.71;72;1796302174929
Susan;Erickson;2.35;33;4580638388687
Victoria;Harris;2.18;63;9491679560882
Erika;Mitchell;4.22;97;4244897640018
Mark;Higgins;1.46;17;8347559756097
Mark;Miller;2.83;69;0383514469852
Omar;Grant;1.35;71;8500772564121
Deborah;Park;3.53;52;5228022865810
Alexa;Thornton;3.88;65;3536796009679
Deborah;Mack;4.44;51;2860977891162
Kayla;Nguyen;1.73;99;0994654473695
Michael;Monroe;2.52;35;7947388054069
Dustin;Davis;1.97;94;2688365904685
Cynthia;Jennings;4.11;29;3477448985719
Thomas;Jordan;2.28;24;0965268221134
Barbara;Choi;4.73;42;0891262918883
Austin;Hawkins;4.18;63;9323880081001
Kelly;Bailey;1.89;86;7138850641428
Randall;Cuevas;4.98;89;2756592396700
Michael;Jensen;3.08;50;9844014857567
Tracy;Moore;1.48;70;9079777229040
Seth;Morgan;4.05;15;3599688609388
Natasha;Edwards;4.0;74;1188890562170
Cynthia;Terrell;4.69;57;6044746776751
Ronald;Montoya;4.73;92;3666581062123
Kyle;Ayala;1.47;19;7525951289416
Joshua;Oneill;4.53;72;5386100513027
Daniel;Thompson;4.61;76;3997528698468
Angela;Thompson;1.09;15;3467470033210
James;James;2.01;87;8210108153703
Charles;Gilbert;2.11;77;0779547203345
Colleen;Ramos;1.53;36;5181453143126
Joyce;Elliott;1.97;51;6372081969142
Peter;Flores;4.14;51;9267427876486
Tiffany;Mccarty;3.19;37;5720277310108
James;Porter;2.23;46;1189668721937
Thomas;Villarreal;3.97;22;0850006141403
Kristi;Allen;1.37;84;3671932656432
Thomas;Alvarez;4.49;27;4622456852729
James;Russo;2.95;19;3783209062729
Jeffrey;Wright;4.83;20;5591348980222
Leslie;Scott;4.65;26;9075634482001
Richard;Mcmillan;3.31;70;0332878460743
Carol;Haas;4.6;47;5620637026251
Louis;Sanchez;3.47;61;6196206259654
Richard;Sparks;1.38;30;4274462541616
Theodore;Williamson;1.45;68;5888886085403
Ashley;Acosta;1.64;88;1537608041042
Glenn;Dennis;3.65;99;3407782300802
Anthony;Smith;1.7;18;0039340908638
Jeffrey;Shelton;2.68;63;8132973776224
John;Rodriguez;1.44;70;6128635439539
Daniel;Smith;3.76;49;8141675798746
Cindy;Guerrero;2.61;97;0413040152245
Matthew;Case;1.47;27;3013473393815
Kristen;Boone;1.21;34;0540892699219
Rebecca;Brown;2.46;23;0517428493718
Rhonda;Sullivan;3.15;26;2017509841961
Stacy;Nelson;2.22;33;0844941881683
Ethan;Ramirez;1.22;40;6661466293222
Hannah;Elliott;2.12;23;2164504200685
James;Solis;2.52;86;4504728708108
David;George;1.89;50;8193734210301
Amber;Logan;3.39;94;7961031657990
Lisa;Hodge;3.81;73;8411307066120
Susan;Blake;4.01;66;4224246536264
Christina;Garza;3.85;77;7613457201214
Jennifer;Thomas;2.21;56;3225107957130
Ian;Ray;4.35;28;5175521512252
Kevin;Mccoy;2.69;88;8793713538952
Michael;Ferguson;2.84;61;8541611448209
Stephanie;Curtis;3.82;27;0235608995754
Eduardo;Ross;3.35;44;8951417530543
Harold;Schwartz;1.41;80;3965497432129
Brandon;Wood;1.57;63;1607911293106
Christopher;Gordon;3.2;20;6882333437808
Teresa;Armstrong;4.89;61;9720486965899
Angela;Porter;2.16;98;3740237351119
Patricia;Jones;3.58;93;2559279542781
Craig;Carlson;2.01;90;8133712829512
Donald;Pearson;3.22;62;8159643054266
Derek;Jenkins;3.28;56;6445745403914
Taylor;Chaney;4.65;91;6212797988128
Eric;Mcintosh;1.28;35;1865436561909
Megan;Berry;3.28;36;8806362259877
Christina;Brooks;1.59;68;5186355416523
Matthew;Pacheco;3.96;23;6184293325744
Rachel;Hoffman;3.84;27;0133705599566
Alicia;Wu;4.32;31;4222644904079
Richard;Webster;2.67;97;7781775486261
Megan;Russell;3.16;69;5560817020196
William;Smith;2.75;42;1904236935906
Alexandra;Herman;3.73;38;8162806278012
Daniel;Smith;4.59;77;2698369154449
Jason;Morales;4.44;25;5420602440947
Melissa;Nichols;1.79;66;4506941364291
Isaac;Kennedy;2.67;23;2926433311897
Ricardo;Horton;3.65;75;9320501237071
Timothy;Calderon;4.22;61;8316172367069
Roberto;Sanchez;4.76;54;7891378707122
Joseph;Quinn;3.41;14;9083251232409
David;Carter;1.18;49;9600791659178
Caitlin;Miller;1.74;74;6509334776992
Michelle;Phillips;4.63;44;3073802395711
Larry;Joseph;4.05;36;9835615057605
Derek;Sanchez;4.81;75;3337590627641
Allison;Miller;1.55;55;2148062868282
Donald;Fowler;3.6;93;9726837545317
Nancy;Robertson;4.63;56;4995647930829
Amber;Morris;4.51;34;6180078779327
Melissa;Ruiz;4.12;89;5632491249632
Steven;Macdonald;1.54;65;7247752383017
James;Sparks;4.23;79;7029866114112
Amy;Chase;4.04;56;3488681488419
Alexandra;Bradley;4.28;61;7805862374610
Victoria;Gonzalez;1.7;61;0888660156083
Chelsea;Saunders;2.67;61;7741897794609
Jeremy;Pierce;1.75;21;7020359372749
Kimberly;Barnes;4.8;23;6905786850427
Joshua;Gonzalez;3.93;30;2441571065827
Jeffery;Beck;1.15;86;4037942258521
Mark;Mata;2.48;54;2883759691053
Lisa;Scott;4.76;21;8824418492734
Shawn;Brock;3.35;68;0644899577575
Jacob;Dawson;3.17;52;0156529985041
Ryan;Thomas;4.07;73;0473049696313
Susan;Kim;1.98;40;0641539114689
Mike;Case;4.28;47;0378519515049
Christy;Lewis;2.62;19;4879229653896
Crystal;Moore;4.83;63;7498596817731
Briana;Valdez;3.8;26;6024608136509
Paul;Walker;3.56;17;3377273247308
Daniel;Archer;4.17;52;5501965061052
Kevin;Simmons;2.99;57;1427185248840
Jason;Abbott;4.29;89;3707157934355
Traci;Mason;1.65;89;8685110600205
Kathy;Ward;2.2;76;6472226962399
Jacob;Gonzalez;2.48;76;6124728827521
Lori;Boyle;4.98;37;8717264127226
Laura;Gonzalez;3.87;78;2758286077475
Rachel;Perez;4.18;42;4841002478100
Henry;Watts;2.19;61;0664411464377
Brenda;Foster;1.61;44;8938854563820
Kevin;Stone;3.18;32;6577225132911
Paul;Cruz;1.14;65;0269741130083
John;Duffy;3.32;56;5064918215642
Amanda;Sullivan;3.92;16;8046480099748
Pamela;Walton;3.41;16;9621973822560
Christopher;Edwards;1.36;47;2462900407637
Carolyn;Sandoval;2.8;35;8656137429716
Elizabeth;Anthony;4.86;25;3870625255736
Brandon;Brown;3.66;86;2003832741559
Tiffany;Campbell;2.06;96;6637541722164
Robert;Bruce;3.72;46;1772404817038
Jessica;Lopez;4.15;27;5015113059772
Jonathon;Parker;2.04;32;4348546956821
Richard;Richard;4.81;22;6641811307507
Aaron;Palmer;3.64;30;0318981888431
Courtney;Miller;2.64;32;4444537223418
Carolyn;Powell;3.35;98;6216269390004
Amanda;Shields;2.82;94;3501139833052
Oscar;Martin;2.66;89;5781895377979
Vanessa;Hess;1.29;93;1678515919494
Emily;Brown;3.7;17;7882364784863
Kristin;Turner;3.68;72;0574346118093
Heather;Crawford;1.16;34;7314996123082
Stephanie;Scott;1.52;53;9904774247747
Jacqueline;Jenkins;1.24;71;6245112928982
Lauren;Brown;1.74;79;8256702343764
Diana;Clark;4.25;72;2963874301917
Andrew;Woodard;3.88;46;5802439025257
Sarah;Jackson;3.76;74;7107150216516
Lori;Anderson;1.72;64;9759664793688
Karl;Valencia;1.44;55;9742898555620
Kari;Martin;3.56;98;7358353153390
James;Tucker;2.23;43;3466055457480
Aaron;Mcbride;3.89;64;0181840245000
Mary;Jones;2.08;19;3284448252075
Cody;Wilson;4.52;79;5784813281229
Jade;Wood;1.15;29;6048076505939
Kimberly;Davis;1.63;97;6077930683950
Candace;Brown;1.29;33;4878552765481
Steven;Larsen;3.85;19;5044970304027
Erica;Franklin;3.08;16;8016596196885
Donald;Jones;3.54;73;9326485229046
Jacqueline;Perkins;3.93;98;3624978661584
Cindy;Sampson;1.59;93;6270431559400
Ray;Gordon;4.22;58;7150816602498
Blake;Bradford;3.78;50;9162390620766
Christopher;Williams;1.26;18;6095529195196
Cameron;Jordan;3.51;77;6738065229462
Mario;Cabrera;3.7;84;2923572326587
Keith;Mcdonald;2.35;20;6263878730905
Sheryl;Jefferson;3.95;24;1282412915780
Wanda;Williams;2.02;96;4504201601804
Ashley;Thompson;3.07;16;6502892779008
Jennifer;Parker;4.89;31;4719701237778
Mark;Taylor;4.36;58;6381784773402
Molly;Dyer;1.95;31;8847137789986
Vanessa;Rodriguez;1.26;51;7921944499242
Leon;Griffin;4.82;24;4109713140236
Daniel;Graham;2.9;45;7998538688451
Jessica;Mata;2.54;55;7903662995444
Angela;Chan;2.67;60;2778266815916
Christine;Moses;1.42;24;4500526738315
Belinda;Kelly;3.28;97;7743683389169
Lauren;Bowers;3.67;78;1370437487259
Christina;Powell;4.94;56;9625840163416
Jeremiah;Jones;2.18;62;9214057920527
Jacob;Harris;3.16;53;0620903636581
Michael;Harris;1.01;99;2104093417272
Alan;Moore;3.56;53;7789544255563
Ivan;Petersen;3.04;19;4732125885050
Jerry;Brown;3.62;40;8334686149419
Amy;Long;2.41;71;8105287412592
Edward;Walker;3.52;90;3589552578307
Sara;Mcmahon;1.59;17;0682663445333
Mary;Morrison;3.26;40;7735678968579
Alan;Miranda;4.95;62;1848581550811
Kenneth;Hubbard;4.38;60;7237775127314
Alex;Colon;1.5;56;2829130848423
Dustin;Mclaughlin;3.36;84;6119146454213
Brian;Ferguson;4.58;71;1946562473441
Melissa;Jones;2.19;69;0667901544680
Heather;Manning;4.79;49;7244781231910
Kristen;Evans;4.92;75;1129128670083
Marvin;Allen;1.88;69;1875506839691
Phillip;Aguilar;1.89;78;3854475340333
Diana;Mcclain;3.27;47;1051210568231
Amy;Nelson;1.12;95;8564278055386
Mary;Tyler;1.2;89;3169914322764
Eric;Roberts;3.81;97;2940508059455
Sean;Lambert;4.84;55;1406459676746
Abigail;King;1.97;35;6336915018740
Kimberly;Patterson;1.49;47;7228593357904
Phillip;Robertson;2.35;54;2828862875974
Julie;Smith;2.74;81;6075755861276
Jennifer;Johnson;3.28;49;0759745834716
Jason;Terry;1.86;14;0413395258699
Juan;Nelson;1.06;83;2601364655284
Benjamin;Roberts;1.16;54;3980417183163
James;Bryant;3.47;53;2115158523856
Brandon;Ray;4.2;88;0502830146560
Daniel;Martin;2.63;64;8145879686153
Lisa;Ross;4.99;72;5134806748354
Ashley;Fisher;3.84;19;4072023974355
Thomas;Green;2.17;78;1122644179658
Robert;Boyle;3.82;33;7024383133963
John;Lawrence;2.15;90;1644312210254
James;Campbell;1.08;69;3293334126898
Kathleen;Brown;3.95;54;6415242432962
Julie;Michael;3.81;60;2324833343001
Cathy;Bishop;3.28;92;7187449983176
Dale;Schneider;1.36;53;1353796179201
Brandon;Delgado;3.98;27;4134678841069
Roberto;Hines;1.11;51;3215940894921
Richard;Hanna;3.51;94;3865618715592
Vanessa;Howe;3.31;42;2490052389555
Barry;Matthews;1.76;76;5588027197566
Regina;Knight;1.1;64;2503903359173
Douglas;Garcia;4.44;67;2389918821504
Danielle;Pena;4.67;84;4282911235621
Sandra;Austin;3.25;14;7528175808632
Kimberly;Smith;3.7;54;8939345985491
Gabriel;Peters;1.44;21;8244693102485
Kathryn;Burke;1.56;33;7092013579042
Katrina;Jackson;4.35;22;5410566986236
Rebecca;Wilkinson;1.34;68;4557365125268
Mary;Drake;2.98;29;3657084003634
Natasha;Chen;2.18;27;9939077011179
Brandon;Quinn;4.52;51;7368823986896
Bridget;Craig;1.44;42;1622075114829
Matthew;Dougherty;4.17;29;9638812995464
Ashley;Rogers;3.43;78;8668269987067
Christopher;Rodriguez;2.36;68;6164374707330
Daniel;Keller;2.63;82;3668967495475
William;Lee;2.38;62;7169967412672
Adrian;Harvey;4.84;97;3092997543611
Johnathan;Anderson;2.38;55;2940623256213
Gina;Green;1.74;23;2133784004209
Andrea;Sosa;3.74;93;8370114659685
Andrew;Dixon;2.48;14;8015658497396
Alexandria;Solis;3.06;60;9362461468781
John;Smith;4.04;33;2365048845154
Rodney;King;1.47;18;2325473322399
Michael;Bailey;1.13;31;4359854235505
Glenda;Powers;4.89;23;7584695110279
Ashley;Osborne;3.13;35;9603164859004
Jerry;Rogers;3.53;84;2970064856910
Brian;Johnson;3.28;34;4524251181306
Anna;Parker;1.34;37;8051659692785
Shelly;Ray;4.9;30;3222592599467
Chad;Rhodes;3.55;17;8212602220260
Jonathan;Nunez;1.65;90;3057905364592
Ashley;Fuller;1.38;30;3521296029537
Melissa;Moore;4.75;54;1875328010629
Ashley;Newman;1.35;77;0697979241342
Jennifer;Miller;1.03;47;2567633837140
Sean;Conner;1.95;67;3550366513639
Jonathan;Campbell;4.04;55;3939186680425
Steven;Smith;3.98;56;0877461969268
Mckenzie;Bolton;3.75;48;6505674046084
James;Moore;4.71;38;4581963190511
Shari;Willis;2.27;70;5898958267594
Jeffrey;Duke;1.16;55;4036431895993
Emily;Bryant;3.04;95;5138845293228
James;Lee;2.55;49;7239517047222
Jeremy;Rice;3.06;80;6622328298459
Lee;Wilson;3.47;66;4258972118803
Kristen;Meyer;3.32;86;1317936929837
Benjamin;Ramsey;4.18;60;1841345775471
Natalie;Brock;3.86;62;6218205313534
Michael;Williams;4.21;52;3273102237331
Susan;Williamson;4.33;52;0746599630417
Angel;Reid;1.71;48;0468313477597
Chad;Scott;2.33;35;2239522807288
Dakota;Hansen;2.75;19;1796633774400
Sarah;Alvarado;1.03;36;0120413676333
Sandra;Roach;4.95;25;1118980026316
Richard;Wilson;3.14;62;0736079960475
Ruth;Hoffman;3.98;85;8597534875430
Billy;Johnson;4.27;96;1105457850560
John;Perez;4.17;79;3978754407810
Jennifer;Mcgee;3.81;54;3481249488729
Kimberly;Petersen;2.65;54;4215593287496
Joshua;Allen;4.44;68;4917182617495
Nancy;Moore;4.58;18;5326795819655
David;Sanchez;2.31;84;4186718390516
Nicholas;Hughes;3.52;57;0044773372028
Timothy;Cochran;4.21;70;9180036330921
Kimberly;Hays;4.69;41;5246081468003
Michael;Patton;3.08;23;2137934143656
Dennis;Williams;3.21;41;6500871027205
Julie;Ramirez;1.18;18;8731401621497
Joy;Choi;3.13;90;4141806764153
Wesley;Clark;1.47;49;4801353646915
Samantha;Smith;1.43;59;4174316986938
Ashley;Johnson;4.92;14;0249348066786
Ariel;Hayes;2.21;70;5657068307724
Vanessa;Herman;4.49;48;3676495862539
Mary;Tran;3.66;42;1843368117650
Logan;Davis;4.62;35;9769331186747
Stephen;Dominguez;2.77;93;9504194219753
David;Roberson;2.54;80;5030053935591
Cynthia;Williams;2.11;66;0666741019357
Michael;Campbell;4.89;31;2938252629504
Shelly;Stafford;2.15;30;8063562054606
Rebecca;Olsen;4.42;19;3878064222294
Bethany;Miller;1.49;19;6370471051841
Megan;Villa;2.47;73;1055813448131
James;Briggs;2.76;82;0249398865062
Erin;Warren;1.07;29;2585058435818
Colton;Mullins;3.96;65;4810257356646
Kyle;Golden;1.61;28;1816911891841
Theresa;Martinez;3.76;70;2134090437820
Lori;Harris;2.67;42;4713166036262
Kristin;Reed;3.83;32;0119639355055
Teresa;Stanley;2.68;49;9847062463040
Tracy;Norman;3.34;61;5972638834449
Brooke;Sims;2.17;67;4091177558789
Peggy;Black;2.82;54;0805384511301
Misty;Gonzalez;4.94;23;6804994229742
Marcus;Hunt;2.46;67;2532757241028
Joann;Taylor;2.0;21;9537733571428
Allen;Brennan;3.99;69;9676549148124
Jared;Smith;3.06;71;8781740056390
Roger;Phillips;2.37;17;1765894223777
Rachel;Ward;4.57;25;2503232572943
Emily;Cruz;4.2;21;3165097607420
Thomas;Love;3.19;31;6399295426107
John;Smith;4.24;94;7900925842031
Kristen;Rosales;1.71;79;7092770028714
William;Davis;4.04;24;1449795649499
Rebecca;Taylor;3.09;40;8508401797400
Joshua;Potter;3.89;70;1622468217112
Danielle;Mcpherson;1.83;55;3989057652924
Ashley;Griffin;4.59;99;3457551712756
Laura;Carr;4.71;50;9425782689315
Christopher;Powell;3.17;65;9892829257950
Robert;Jackson;1.25;87;9767620403328
Derek;Ellis;3.8;68;7683718618875
Autumn;Jacobs;2.41;96;3766769835457
Ethan;Beasley;2.06;31;2798690480430
Sarah;Sanchez;3.18;39;7408131707102
Tanya;Nolan;4.24;15;1255047654622
Tina;Brown;4.68;17;7812469117751
Christopher;Vasquez;2.22;60;4645484358695
Christopher;Arnold;3.92;93;5405277131053
Victor;Johnston;2.72;55;5253974552618
Gwendolyn;Lindsey;4.94;36;1520726070352
Judith;Williams;1.89;55;7743463795853
Timothy;Nolan;4.64;57;3334522400470
Angel;Oneal;3.17;43;3381421559309
Katie;Torres;3.81;26;3444709844077
Jennifer;Lawrence;1.3;60;8766471526588
Nicole;Walker;3.46;87;9294946096688
Laura;Young;4.2;14;7612949678460
Brooke;Mccarty;2.31;59;8109249791352
Tamara;Jensen;4.62;51;6118846953619
Taylor;Moyer;1.11;85;1515794092499
Mikayla;Diaz;2.5;40;8856792490694
Shaun;Perez;1.14;36;9768485737027
William;Ross;2.13;91;5279082680278
Bethany;Chang;2.75;38;5918586661478
Christina;Castro;1.88;34;8076836882736
Jason;Jackson;3.06;22;1543845438204
Kristopher;Castro;4.15;81;3858285660738
Kerry;Estes;3.27;71;2893110073493
Karen;Elliott;1.7;66;1471724938149
Jennifer;Donaldson;2.96;89;2706251215651
Victoria;Martin;3.97;75;5938539215679
Jessica;Gonzales;4.5;29;9157814488892
Christina;Whitehead;2.11;70;5616700979027
Heather;Rice;1.79;92;8718298335207
Matthew;Thompson;2.97;30;6655924718336
Stephanie;Jones;2.16;26;4668665676464
Natalie;Beard;1.16;80;3161152250281
Brittney;Martinez;3.21;93;4379585033663
Amanda;Dunn;4.72;76;0091254290959
Mike;King;1.94;48;6727964829677
Hannah;Nolan;2.06;69;2545524819395
Kristin;Roberts;4.81;90;5615177891207
Emily;Crawford;2.15;55;7360503142132
Brian;Hernandez;3.35;27;5027667680479
Michael;Flores;2.06;70;6602901519945
Sharon;Bradford;2.1;58;8042984375643
Amanda;Monroe;2.65;73;5821141171143
Bethany;Russo;2.87;23;2454115196390
John;Brown;2.43;34;0769640900274
Lisa;Hess;4.32;94;5357689421352
Laura;Brown;3.19;80;2988889943087
Veronica;Garza;2.58;46;3063381046548
Taylor;Schroeder;2.7;54;9258384322747
Susan;Franco;2.1;51;1743681244785
Samuel;Yates;4.99;64;6673339142532
Amanda;Marshall;2.21;85;9496223975199
Lindsay;Potter;2.82;93;2708597053777
Jennifer;Vazquez;4.84;71;7719328144183
Robert;Moore;2.45;40;1458324996078
Jenna;Chan;2.49;18;5765253307337
Xavier;Vargas;2.67;51;9861446903028
Mitchell;Bryant;4.41;65;9923307083734
Aimee;Williams;2.7;33;4653511395974
Jeffrey;Adams;3.71;45;7284821425988
Richard;Brooks;2.94;29;6439617754096
Susan;Sanchez;4.17;88;2820680112910
Willie;Huang;1.76;36;4354282300754
Melissa;Best;2.25;82;4073830308296
Katie;Bond;4.36;30;8737060790232
Jennifer;Rosales;2.9;69;1665145581992
Glen;Wilson;2.12;85;7754699888655
Justin;King;1.23;81;6364935075358
Chad;Beck;4.88;55;7941918090808
Wayne;Edwards;4.85;14;9433890865562
Christine;Hughes;1.78;23;6025696941767
Dennis;Nelson;2.21;23;9341760570714
Donald;Grant;4.34;66;4560765376251
Joseph;Williams;3.45;88;1517883744370
John;Maldonado;4.42;36;6156647737099
Dakota;Shaw;2.67;47;8338881361939
Samantha;Cantrell;2.55;92;1566838888660
Parker;Taylor;3.7;34;0680324520274
Todd;Sharp;4.77;88;6163518404086
Brenda;Peterson;4.02;34;2523832967032
Mariah;Shaw;4.99;37;0653926166367
Stephanie;Baldwin;1.01;57;7558058105776
David;Mason;3.59;23;9761880658850
Kimberly;Marsh;1.46;50;3966676215211
Austin;Terrell;3.23;35;9463327825802
Joseph;Brewer;1.72;52;3556834575297
Jessica;Mccarthy;1.77;48;6291247217774
Darren;Huang;2.68;74;0279961004778
Brian;Lindsey;3.59;81;0747256419645
Amanda;Moreno;3.98;37;1014887384018
Michele;Santiago;3.6;71;1936689347861
Scott;Brooks;1.92;46;4477783142430
Jessica;Martin;1.63;24;4690410713646
Lisa;Smith;3.79;55;1852537895213
Stephen;King;3.2;84;9616768970439
Kimberly;Garcia;3.46;64;4835121454226
Jessica;Berg;2.65;69;1508800262307
Susan;Morgan;1.98;37;3950043759317
Kerri;Rojas;2.23;76;8185338820194
Michelle;Barry;1.06;87;7037567313128
Zachary;Evans;4.28;92;6093276458977
Amanda;Stein;2.11;89;2317752010509
Aaron;Yates;1.87;14;5602397644318
Teresa;Benitez;4.78;63;4616235483748
Bryan;Mack;4.11;96;7795690322270
Paula;Reyes;1.03;70;5534809379512
Jeremy;Jones;2.8;70;8675743359794
Ashley;Davis;1.46;57;2508863588620
Tommy;Martin;4.79;75;5710687092269
Kristen;Hood;3.18;68;7860434394312
Paul;Cordova;4.83;45;4577976032529
David;Jenkins;2.72;22;3472535530877
Tammy;Baker;1.12;61;2708029070983
Danielle;Kennedy;1.6;98;5583410608114
Phillip;Davis;3.16;23;9212315179905
Courtney;Ellis;3.82;40;6172658014289
David;Elliott;4.52;37;1367726082465
Brooke;Garza;3.01;75;4381644080857
Jessica;Flowers;1.31;15;5153485580223
Lauren;Nunez;1.12;91;5372752962506
Jeanne;Vasquez;2.35;51;6540868224198
Stephen;Mckenzie;1.46;90;9653601846671
Ronald;Rogers;2.87;29;8141770020164
Jennifer;Odonnell;1.1;21;1157187367034
Jeanne;Williams;4.6;32;6844976020780
Wendy;Hughes;2.99;39;1594049754165
Michael;Thomas;4.82;92;6022299184301
David;Campbell;1.46;38;5745151297568
Danny;Miller;1.89;35;4173585655766
Gary;Flores;2.28;67;9918498338082
Amanda;Cooley;2.29;96;5523391467983
Krista;Jones;3.32;48;5993764289457
Gina;Ray;1.23;85;5060637261832
Benjamin;Murphy;4.43;36;7424684844322
Ashley;Willis;4.36;59;5621672534604
Katie;Martinez;1.78;84;6661462730193
Amy;Parks;1.32;78;6965225280643
Stephen;Reyes;1.65;85;5511219916112
Mark;Jackson;3.58;98;8879743173041
